"../../../Engine/Plugins/2D/Paper2D/Content/PlaceholderTextures/DummySpriteTexture.ubulk" 0
"../../../Engine/Plugins/2D/Paper2D/Content/PlaceholderTextures/DummySpriteTexture.uasset" 1
"../../../Engine/Plugins/2D/Paper2D/Content/PlaceholderTextures/DummySpriteTexture.uexp" 2
"../../../Engine/Plugins/2D/Paper2D/Content/DummySprite.uasset" 3
"../../../Engine/Plugins/2D/Paper2D/Content/DummySprite.uexp" 4
"../../../Engine/Plugins/2D/Paper2D/Content/DefaultPaperTerrainMaterial.uasset" 5
"../../../Engine/Plugins/2D/Paper2D/Content/DefaultPaperTerrainMaterial.uexp" 6
"../../../Engine/Plugins/Animation/ACLPlugin/Content/ACLAnimCurveCompressionSettings.uasset" 7
"../../../Engine/Plugins/Animation/ACLPlugin/Content/ACLAnimCurveCompressionSettings.uexp" 8
"../../../Engine/Plugins/Animation/ACLPlugin/Content/ACLAnimBoneCompressionSettings.uasset" 9
"../../../Engine/Plugins/Animation/ACLPlugin/Content/ACLAnimBoneCompressionSettings.uexp" 10
"../../../Engine/Content/Animation/DefaultVariableFrameStrippingSettings.uasset" 11
"../../../Engine/Content/Animation/DefaultVariableFrameStrippingSettings.uexp" 12
"../../../Engine/Content/Animation/DefaultRecorderBoneCompression.uasset" 13
"../../../Engine/Content/Animation/DefaultRecorderBoneCompression.uexp" 14
"../../../Engine/Content/EngineSounds/Master.uasset" 15
"../../../Engine/Content/EngineSounds/Master.uexp" 16
"../../../Engine/Content/EngineMaterials/DefaultDestructiblePhysicalMaterial.uasset" 17
"../../../Engine/Content/EngineMaterials/DefaultDestructiblePhysicalMaterial.uexp" 18
"../../../Engine/Content/EngineFonts/Faces/DroidSansFallback.uexp" 19
"../../../Engine/Content/EngineFonts/Faces/DroidSansFallback.uasset" 20
"../../../Engine/Content/EngineFonts/Faces/DroidSansFallback.ufont" 21
"../../../Engine/Content/EngineFonts/Faces/RobotoBold.uexp" 22
"../../../Engine/Content/EngineFonts/Faces/RobotoBold.uasset" 23
"../../../Engine/Content/EngineFonts/Faces/RobotoBold.ufont" 24
"../../../Engine/Content/EngineFonts/Faces/RobotoBoldItalic.uexp" 25
"../../../Engine/Content/EngineFonts/Faces/RobotoBoldItalic.uasset" 26
"../../../Engine/Content/EngineFonts/Faces/RobotoBoldItalic.ufont" 27
"../../../Engine/Content/EngineFonts/Faces/RobotoItalic.uexp" 28
"../../../Engine/Content/EngineFonts/Faces/RobotoItalic.uasset" 29
"../../../Engine/Content/EngineFonts/Faces/RobotoItalic.ufont" 30
"../../../Engine/Content/EngineFonts/Faces/RobotoLight.uexp" 31
"../../../Engine/Content/EngineFonts/Faces/RobotoLight.uasset" 32
"../../../Engine/Content/EngineFonts/Faces/RobotoLight.ufont" 33
"../../../Engine/Content/EngineFonts/Faces/RobotoRegular.uexp" 34
"../../../Engine/Content/EngineFonts/Faces/RobotoRegular.uasset" 35
"../../../Engine/Content/EngineFonts/Faces/RobotoRegular.ufont" 36
"../../../Engine/Content/EngineFonts/Roboto.uasset" 37
"../../../Engine/Content/EngineFonts/Roboto.uexp" 38
"../../../Engine/Content/EngineFonts/Faces/DroidSansMono.uexp" 39
"../../../Engine/Content/EngineFonts/Faces/DroidSansMono.uasset" 40
"../../../Engine/Content/EngineFonts/Faces/DroidSansMono.ufont" 41
"../../../Engine/Content/EngineFonts/DroidSansMono.uasset" 42
"../../../Engine/Content/EngineFonts/DroidSansMono.uexp" 43
"../../../Engine/Plugins/Interchange/Runtime/Content/Pipelines/DefaultTexturePipeline.uasset" 44
"../../../Engine/Plugins/Interchange/Runtime/Content/Pipelines/DefaultTexturePipeline.uexp" 45
"../../../Engine/Plugins/Interchange/Runtime/Content/Pipelines/DefaultSceneLevelPipeline.uasset" 46
"../../../Engine/Plugins/Interchange/Runtime/Content/Pipelines/DefaultSceneLevelPipeline.uexp" 47
"../../../Engine/Plugins/Interchange/Runtime/Content/Pipelines/DefaultSceneAssetsPipeline.uasset" 48
"../../../Engine/Plugins/Interchange/Runtime/Content/Pipelines/DefaultSceneAssetsPipeline.uexp" 49
"../../../Engine/Plugins/Interchange/Runtime/Content/Pipelines/DefaultMaterialXPipeline.uasset" 50
"../../../Engine/Plugins/Interchange/Runtime/Content/Pipelines/DefaultMaterialXPipeline.uexp" 51
"../../../Engine/Plugins/Interchange/Runtime/Content/Pipelines/DefaultMaterialPipeline.uasset" 52
"../../../Engine/Plugins/Interchange/Runtime/Content/Pipelines/DefaultMaterialPipeline.uexp" 53
"../../../Engine/Plugins/Interchange/Runtime/Content/Pipelines/DefaultGLTFSceneAssetsPipeline.uasset" 54
"../../../Engine/Plugins/Interchange/Runtime/Content/Pipelines/DefaultGLTFSceneAssetsPipeline.uexp" 55
"../../../Engine/Plugins/Interchange/Runtime/Content/Pipelines/DefaultGLTFPipeline.uasset" 56
"../../../Engine/Plugins/Interchange/Runtime/Content/Pipelines/DefaultGLTFPipeline.uexp" 57
"../../../Engine/Plugins/Interchange/Runtime/Content/Pipelines/DefaultGLTFAssetsPipeline.uasset" 58
"../../../Engine/Plugins/Interchange/Runtime/Content/Pipelines/DefaultGLTFAssetsPipeline.uexp" 59
"../../../Engine/Plugins/Interchange/Runtime/Content/Pipelines/DefaultAssetsPipeline.uasset" 60
"../../../Engine/Plugins/Interchange/Runtime/Content/Pipelines/DefaultAssetsPipeline.uexp" 61
"../../../Engine/Plugins/Animation/ControlRig/Content/Controls/DefaultGizmoLibraryNormalized.uasset" 62
"../../../Engine/Plugins/Animation/ControlRig/Content/Controls/DefaultGizmoLibraryNormalized.uexp" 63
"../../../Engine/Content/MobileResources/HUD/VirtualJoystick_Thumb.uasset" 64
"../../../Engine/Content/MobileResources/HUD/VirtualJoystick_Thumb.uexp" 65
"../../../Engine/Content/MobileResources/HUD/VirtualJoystick_Background.uasset" 66
"../../../Engine/Content/MobileResources/HUD/VirtualJoystick_Background.uexp" 67
"../../../Engine/Content/MobileResources/HUD/DefaultVirtualJoysticks.uasset" 68
"../../../Engine/Content/MobileResources/HUD/DefaultVirtualJoysticks.uexp" 69
"D:/Unreal Projects/AirCommandAlpha/Content/Textures/LandscapeT/TreeUV.ubulk" 70
"D:/Unreal Projects/AirCommandAlpha/Content/Textures/LandscapeT/TreeUV.uasset" 71
"D:/Unreal Projects/AirCommandAlpha/Content/Textures/LandscapeT/TreeUV.uexp" 72
"D:/Unreal Projects/AirCommandAlpha/Content/Materials/LandscapeM/Trees/00_TreeMaster1.uasset" 73
"D:/Unreal Projects/AirCommandAlpha/Content/Materials/LandscapeM/Trees/00_TreeMaster1.uexp" 74
"D:/Unreal Projects/AirCommandAlpha/Content/Materials/LandscapeM/Trees/TreeInst_03.uasset" 75
"D:/Unreal Projects/AirCommandAlpha/Content/Materials/LandscapeM/Trees/TreeInst_03.uexp" 76
"D:/Unreal Projects/AirCommandAlpha/Content/Art/StaticMeshes/LandscapeElements/03OrangeLevel/Rounded/Cactus7.ubulk" 77
"D:/Unreal Projects/AirCommandAlpha/Content/Art/StaticMeshes/LandscapeElements/03OrangeLevel/Rounded/Cactus7.uasset" 78
"D:/Unreal Projects/AirCommandAlpha/Content/Art/StaticMeshes/LandscapeElements/03OrangeLevel/Rounded/Cactus7.uexp" 79
"D:/Unreal Projects/AirCommandAlpha/Content/Art/StaticMeshes/LandscapeElements/03OrangeLevel/Rounded/SMF_Cactus8.uasset" 80
"D:/Unreal Projects/AirCommandAlpha/Content/Art/StaticMeshes/LandscapeElements/03OrangeLevel/Rounded/SMF_Cactus8.uexp" 81
"D:/Unreal Projects/AirCommandAlpha/Content/Art/StaticMeshes/LandscapeElements/03OrangeLevel/Rounded/SMF_Cactus7.uasset" 82
"D:/Unreal Projects/AirCommandAlpha/Content/Art/StaticMeshes/LandscapeElements/03OrangeLevel/Rounded/SMF_Cactus7.uexp" 83
"D:/Unreal Projects/AirCommandAlpha/Content/Materials/LandscapeM/Trees/TreeInst_02.uasset" 84
"D:/Unreal Projects/AirCommandAlpha/Content/Materials/LandscapeM/Trees/TreeInst_02.uexp" 85
"D:/Unreal Projects/AirCommandAlpha/Content/Art/StaticMeshes/LandscapeElements/03OrangeLevel/Rounded/Cactus6.ubulk" 86
"D:/Unreal Projects/AirCommandAlpha/Content/Art/StaticMeshes/LandscapeElements/03OrangeLevel/Rounded/Cactus6.uasset" 87
"D:/Unreal Projects/AirCommandAlpha/Content/Art/StaticMeshes/LandscapeElements/03OrangeLevel/Rounded/Cactus6.uexp" 88
"D:/Unreal Projects/AirCommandAlpha/Content/Art/StaticMeshes/LandscapeElements/03OrangeLevel/Rounded/SMF_Cactus6.uasset" 89
"D:/Unreal Projects/AirCommandAlpha/Content/Art/StaticMeshes/LandscapeElements/03OrangeLevel/Rounded/SMF_Cactus6.uexp" 90
"D:/Unreal Projects/AirCommandAlpha/Content/Art/StaticMeshes/LandscapeElements/02GreenLevel/TreeUV.ubulk" 91
"D:/Unreal Projects/AirCommandAlpha/Content/Art/StaticMeshes/LandscapeElements/02GreenLevel/TreeUV.uasset" 92
"D:/Unreal Projects/AirCommandAlpha/Content/Art/StaticMeshes/LandscapeElements/02GreenLevel/TreeUV.uexp" 93
"D:/Unreal Projects/AirCommandAlpha/Content/Art/StaticMeshes/LandscapeElements/02GreenLevel/Tree01.uasset" 94
"D:/Unreal Projects/AirCommandAlpha/Content/Art/StaticMeshes/LandscapeElements/02GreenLevel/Tree01.uexp" 95
"D:/Unreal Projects/AirCommandAlpha/Content/Art/StaticMeshes/LandscapeElements/03OrangeLevel/Rounded/Cactus5.ubulk" 96
"D:/Unreal Projects/AirCommandAlpha/Content/Art/StaticMeshes/LandscapeElements/03OrangeLevel/Rounded/Cactus5.uasset" 97
"D:/Unreal Projects/AirCommandAlpha/Content/Art/StaticMeshes/LandscapeElements/03OrangeLevel/Rounded/Cactus5.uexp" 98
"D:/Unreal Projects/AirCommandAlpha/Content/Art/StaticMeshes/LandscapeElements/03OrangeLevel/Rounded/SMF_Cactus5.uasset" 99
"D:/Unreal Projects/AirCommandAlpha/Content/Art/StaticMeshes/LandscapeElements/03OrangeLevel/Rounded/SMF_Cactus5.uexp" 100
"../../../Engine/Content/EngineResources/GradientTexture0.uasset" 101
"../../../Engine/Content/EngineResources/GradientTexture0.uexp" 102
"../../../Engine/Content/EngineResources/Black.uasset" 103
"../../../Engine/Content/EngineResources/Black.uexp" 104
"../../../Engine/Content/EditorResources/S_Actor.ubulk" 105
"../../../Engine/Content/EditorResources/S_Actor.uasset" 106
"../../../Engine/Content/EditorResources/S_Actor.uexp" 107
"../../../Engine/Content/EditorResources/S_Trigger.ubulk" 108
"../../../Engine/Content/EditorResources/S_Trigger.uasset" 109
"../../../Engine/Content/EditorResources/S_Trigger.uexp" 110
"../../../Engine/Content/EditorResources/S_BoxReflectionCapture.uasset" 111
"../../../Engine/Content/EditorResources/S_BoxReflectionCapture.uexp" 112
"../../../Engine/Content/EngineResources/DefaultTexture.ubulk" 113
"../../../Engine/Content/EngineResources/DefaultTexture.uasset" 114
"../../../Engine/Content/EngineResources/DefaultTexture.uexp" 115
"../../../Engine/Content/EditorResources/S_TriggerBox.uasset" 116
"../../../Engine/Content/EditorResources/S_TriggerBox.uexp" 117
"../../../Engine/Content/EditorResources/S_TriggerCapsule.uasset" 118
"../../../Engine/Content/EditorResources/S_TriggerCapsule.uexp" 119
"../../../Engine/Content/EditorResources/S_TriggerSphere.uasset" 120
"../../../Engine/Content/EditorResources/S_TriggerSphere.uexp" 121
"../../../Engine/Plugins/NNE/NNEDenoiser/Content/NNEDTOM_Output_Default.uasset" 122
"../../../Engine/Plugins/NNE/NNEDenoiser/Content/NNEDTOM_Output_Default.uexp" 123
"../../../Engine/Plugins/NNE/NNEDenoiser/Content/NNEDTOM_Output_Alpha.uasset" 124
"../../../Engine/Plugins/NNE/NNEDenoiser/Content/NNEDTOM_Output_Alpha.uexp" 125
"../../../Engine/Plugins/NNE/NNEDenoiser/Content/NNEDTIM_ColorAlbedoNormal_Default.uasset" 126
"../../../Engine/Plugins/NNE/NNEDenoiser/Content/NNEDTIM_ColorAlbedoNormal_Default.uexp" 127
"../../../Engine/Plugins/NNE/NNEDenoiser/Content/NNEDTIM_ColorAlbedoNormal_Alpha.uasset" 128
"../../../Engine/Plugins/NNE/NNEDenoiser/Content/NNEDTIM_ColorAlbedoNormal_Alpha.uexp" 129
"../../../Engine/Plugins/NNE/NNEDenoiser/Content/NNEDOM_Output_Default.uasset" 130
"../../../Engine/Plugins/NNE/NNEDenoiser/Content/NNEDOM_Output_Default.uexp" 131
"../../../Engine/Plugins/NNE/NNEDenoiser/Content/NNEDOM_Output_Alpha.uasset" 132
"../../../Engine/Plugins/NNE/NNEDenoiser/Content/NNEDOM_Output_Alpha.uexp" 133
"../../../Engine/Plugins/NNE/NNEDenoiser/Content/NNEDIM_HighQuality_Default.uasset" 134
"../../../Engine/Plugins/NNE/NNEDenoiser/Content/NNEDIM_HighQuality_Default.uexp" 135
"../../../Engine/Plugins/NNE/NNEDenoiser/Content/NNEDIM_HighQuality_Alpha.uasset" 136
"../../../Engine/Plugins/NNE/NNEDenoiser/Content/NNEDIM_HighQuality_Alpha.uexp" 137
"../../../Engine/Plugins/NNE/NNEDenoiser/Content/NNEDIM_ColorAlbedoNormal_Default.uasset" 138
"../../../Engine/Plugins/NNE/NNEDenoiser/Content/NNEDIM_ColorAlbedoNormal_Default.uexp" 139
"../../../Engine/Plugins/NNE/NNEDenoiser/Content/NNEDIM_ColorAlbedoNormal_Alpha.uasset" 140
"../../../Engine/Plugins/NNE/NNEDenoiser/Content/NNEDIM_ColorAlbedoNormal_Alpha.uexp" 141
"../../../Engine/Content/Functions/Engine_MaterialFunctions01/Opacity/CameraDepthFade.uasset" 142
"../../../Engine/Content/Functions/Engine_MaterialFunctions01/Opacity/CameraDepthFade.uexp" 143
"../../../Engine/Content/EngineMaterials/T_Default_Material_Grid_M.ubulk" 144
"../../../Engine/Content/EngineMaterials/T_Default_Material_Grid_M.uasset" 145
"../../../Engine/Content/EngineMaterials/T_Default_Material_Grid_M.uexp" 146
"../../../Engine/Content/EngineMaterials/T_Default_Material_Grid_N.ubulk" 147
"../../../Engine/Content/EngineMaterials/T_Default_Material_Grid_N.uasset" 148
"../../../Engine/Content/EngineMaterials/T_Default_Material_Grid_N.uexp" 149
"../../../Engine/Content/EngineMaterials/WorldGridMaterial.uasset" 150
"../../../Engine/Content/EngineMaterials/WorldGridMaterial.uexp" 151
"../../../Engine/Plugins/Media/MediaPlate/Content/SM_MediaPlateScreen.ubulk" 152
"../../../Engine/Plugins/Media/MediaPlate/Content/SM_MediaPlateScreen.uasset" 153
"../../../Engine/Plugins/Media/MediaPlate/Content/SM_MediaPlateScreen.uexp" 154
"../../../Engine/Content/Functions/Engine_MaterialFunctions02/WorldPositionOffset/CameraOffset.uasset" 155
"../../../Engine/Content/Functions/Engine_MaterialFunctions02/WorldPositionOffset/CameraOffset.uexp" 156
"../../../Engine/Plugins/Animation/ControlRig/Content/M_Manip.uasset" 157
"../../../Engine/Plugins/Animation/ControlRig/Content/M_Manip.uexp" 158
"../../../Engine/Content/EngineMaterials/DefaultMaterial.uasset" 159
"../../../Engine/Content/EngineMaterials/DefaultMaterial.uexp" 160
"../../../Engine/Content/BasicShapes/Sphere.ubulk" 161
"../../../Engine/Content/BasicShapes/Sphere.uasset" 162
"../../../Engine/Content/BasicShapes/Sphere.uexp" 163
"../../../Engine/Content/BasicShapes/Cylinder.ubulk" 164
"../../../Engine/Content/BasicShapes/Cylinder.uasset" 165
"../../../Engine/Content/BasicShapes/Cylinder.uexp" 166
"../../../Engine/Content/BasicShapes/Cone.ubulk" 167
"../../../Engine/Content/BasicShapes/Cone.uasset" 168
"../../../Engine/Content/BasicShapes/Cone.uexp" 169
"../../../Engine/Content/EditorMaterials/PreviewShadowIndicator.ubulk" 170
"../../../Engine/Content/EditorMaterials/PreviewShadowIndicator.uasset" 171
"../../../Engine/Content/EditorMaterials/PreviewShadowIndicator.uexp" 172
"../../../Engine/Content/EditorMaterials/PreviewShadowIndicatorMaterial.uasset" 173
"../../../Engine/Content/EditorMaterials/PreviewShadowIndicatorMaterial.uexp" 174
"../../../Engine/Content/EditorMaterials/PhAT_UnselectedMaterial.uasset" 175
"../../../Engine/Content/EditorMaterials/PhAT_UnselectedMaterial.uexp" 176
"../../../Engine/Content/EditorMaterials/PhAT_NoCollisionMaterial.uasset" 177
"../../../Engine/Content/EditorMaterials/PhAT_NoCollisionMaterial.uexp" 178
"../../../Engine/Content/EditorLandscapeResources/SplineEditorMeshMat.uasset" 179
"../../../Engine/Content/EditorLandscapeResources/SplineEditorMeshMat.uexp" 180
"../../../Engine/Content/EditorLandscapeResources/SplineEditorMesh.ubulk" 181
"../../../Engine/Content/EditorLandscapeResources/SplineEditorMesh.uasset" 182
"../../../Engine/Content/EditorLandscapeResources/SplineEditorMesh.uexp" 183
"../../../Engine/Content/EditorLandscapeResources/WhiteSquareTexture.uasset" 184
"../../../Engine/Content/EditorLandscapeResources/WhiteSquareTexture.uexp" 185
"../../../Engine/Content/EditorLandscapeResources/LayerVisMaterial.uasset" 186
"../../../Engine/Content/EditorLandscapeResources/LayerVisMaterial.uexp" 187
"../../../Engine/Content/Functions/Engine_MaterialFunctions02/Utility/BreakOutFloat2Components.uasset" 188
"../../../Engine/Content/Functions/Engine_MaterialFunctions02/Utility/BreakOutFloat2Components.uexp" 189
"../../../Engine/Content/Functions/Engine_MaterialFunctions01/Texturing/ScaleUVsByCenter.uasset" 190
"../../../Engine/Content/Functions/Engine_MaterialFunctions01/Texturing/ScaleUVsByCenter.uexp" 191
"../../../Engine/Content/Functions/Engine_MaterialFunctions02/WorldPositionOffset/LocalPosition.uasset" 192
"../../../Engine/Content/Functions/Engine_MaterialFunctions02/WorldPositionOffset/LocalPosition.uexp" 193
"../../../Engine/Content/EngineMaterials/DefaultDiffuse.ubulk" 194
"../../../Engine/Content/EngineMaterials/DefaultDiffuse.uasset" 195
"../../../Engine/Content/EngineMaterials/DefaultDiffuse.uexp" 196
"../../../Engine/Content/Functions/Engine_MaterialFunctions01/Texturing/TextureCropping.uasset" 197
"../../../Engine/Content/Functions/Engine_MaterialFunctions01/Texturing/TextureCropping.uexp" 198
"../../../Engine/Content/Functions/Engine_MaterialFunctions02/ExampleContent/DebugNumberStrip.uasset" 199
"../../../Engine/Content/Functions/Engine_MaterialFunctions02/ExampleContent/DebugNumberStrip.uexp" 200
"../../../Engine/Content/Functions/Engine_MaterialFunctions01/Debug/DebugIntValues.uasset" 201
"../../../Engine/Content/Functions/Engine_MaterialFunctions01/Debug/DebugIntValues.uexp" 202
"../../../Engine/Content/EditorLandscapeResources/LandscapeLayerUsageMaterial.uasset" 203
"../../../Engine/Content/EditorLandscapeResources/LandscapeLayerUsageMaterial.uexp" 204
"../../../Engine/Content/EditorLandscapeResources/DefaultAlphaTexture.uasset" 205
"../../../Engine/Content/EditorLandscapeResources/DefaultAlphaTexture.uexp" 206
"../../../Engine/Content/EditorLandscapeResources/LandscapeDirtyMaterial.uasset" 207
"../../../Engine/Content/EditorLandscapeResources/LandscapeDirtyMaterial.uexp" 208
"../../../Engine/Content/EngineMeshes/Sphere.ubulk" 209
"../../../Engine/Content/EngineMeshes/Sphere.uasset" 210
"../../../Engine/Content/EngineMeshes/Sphere.uexp" 211
"../../../Engine/Content/EngineMaterials/RemoveSurfaceMaterial.uasset" 212
"../../../Engine/Content/EngineMaterials/RemoveSurfaceMaterial.uexp" 213
"../../../Engine/Content/EngineMaterials/PreintegratedSkinBRDF.uasset" 214
"../../../Engine/Content/EngineMaterials/PreintegratedSkinBRDF.uexp" 215
"../../../Engine/Content/EngineMaterials/DefaultCalibrationGrayscale.uasset" 216
"../../../Engine/Content/EngineMaterials/DefaultCalibrationGrayscale.uexp" 217
"../../../Engine/Content/EngineMaterials/PPM_DefaultCalibrationGrayscale.uasset" 218
"../../../Engine/Content/EngineMaterials/PPM_DefaultCalibrationGrayscale.uexp" 219
"../../../Engine/Content/EngineMaterials/DefaultCalibrationColor.uasset" 220
"../../../Engine/Content/EngineMaterials/DefaultCalibrationColor.uexp" 221
"../../../Engine/Content/EngineMaterials/PPM_DefaultCalibrationColor.uasset" 222
"../../../Engine/Content/EngineMaterials/PPM_DefaultCalibrationColor.uexp" 223
"../../../Engine/Content/EngineMaterials/PhAT_JointLimitMaterial.uasset" 224
"../../../Engine/Content/EngineMaterials/PhAT_JointLimitMaterial.uexp" 225
"../../../Engine/Content/EngineMaterials/NaniteHiddenSectionMaterial.uasset" 226
"../../../Engine/Content/EngineMaterials/NaniteHiddenSectionMaterial.uexp" 227
"../../../Engine/Content/EngineMaterials/InvalidLightmapSettings.ubulk" 228
"../../../Engine/Content/EngineMaterials/InvalidLightmapSettings.uasset" 229
"../../../Engine/Content/EngineMaterials/InvalidLightmapSettings.uexp" 230
"../../../Engine/Content/EngineMaterials/M_InvalidLightmapSettings.uasset" 231
"../../../Engine/Content/EngineMaterials/M_InvalidLightmapSettings.uexp" 232
"../../../Engine/Content/EngineMaterials/MiniFont.uasset" 233
"../../../Engine/Content/EngineMaterials/MiniFont.uexp" 234
"../../../Engine/Content/EngineMaterials/GizmoMaterial.uasset" 235
"../../../Engine/Content/EngineMaterials/GizmoMaterial.uexp" 236
"../../../Engine/Content/EngineMaterials/BaseFlattenDiffuseMap_VT.uasset" 237
"../../../Engine/Content/EngineMaterials/BaseFlattenDiffuseMap_VT.uexp" 238
"../../../Engine/Content/EngineMaterials/BaseFlattenEmissiveMap_VT.uasset" 239
"../../../Engine/Content/EngineMaterials/BaseFlattenEmissiveMap_VT.uexp" 240
"../../../Engine/Content/EngineMaterials/BaseFlattenGrayscaleMap_VT.uasset" 241
"../../../Engine/Content/EngineMaterials/BaseFlattenGrayscaleMap_VT.uexp" 242
"../../../Engine/Content/EngineMaterials/BaseFlattenLinearColor_VT.uasset" 243
"../../../Engine/Content/EngineMaterials/BaseFlattenLinearColor_VT.uexp" 244
"../../../Engine/Content/EngineMaterials/BaseFlattenNormalMap_VT.uasset" 245
"../../../Engine/Content/EngineMaterials/BaseFlattenNormalMap_VT.uexp" 246
"../../../Engine/Content/EngineMaterials/Black_1x1_EXR_Texture_VT.uasset" 247
"../../../Engine/Content/EngineMaterials/Black_1x1_EXR_Texture_VT.uexp" 248
"../../../Engine/Content/EngineMaterials/FlattenMaterial_WS_Normal_VT.uasset" 249
"../../../Engine/Content/EngineMaterials/FlattenMaterial_WS_Normal_VT.uexp" 250
"../../../Engine/Content/EngineMaterials/FlattenMaterial_VT.uasset" 251
"../../../Engine/Content/EngineMaterials/FlattenMaterial_VT.uexp" 252
"../../../Engine/Content/EngineMaterials/BaseFlattenNormalMap.uasset" 253
"../../../Engine/Content/EngineMaterials/BaseFlattenNormalMap.uexp" 254
"../../../Engine/Content/EngineMaterials/BaseFlattenDiffuseMap.uasset" 255
"../../../Engine/Content/EngineMaterials/BaseFlattenDiffuseMap.uexp" 256
"../../../Engine/Content/EngineMaterials/BaseFlattenEmissiveMap.uasset" 257
"../../../Engine/Content/EngineMaterials/BaseFlattenEmissiveMap.uexp" 258
"../../../Engine/Content/EngineMaterials/BaseFlattenGrayscaleMap.uasset" 259
"../../../Engine/Content/EngineMaterials/BaseFlattenGrayscaleMap.uexp" 260
"../../../Engine/Content/EngineMaterials/BaseFlattenLinearColor.uasset" 261
"../../../Engine/Content/EngineMaterials/BaseFlattenLinearColor.uexp" 262
"../../../Engine/Content/Functions/Engine_MaterialFunctions02/PivotPainter2/Black_1x1_EXR_Texture.uasset" 263
"../../../Engine/Content/Functions/Engine_MaterialFunctions02/PivotPainter2/Black_1x1_EXR_Texture.uexp" 264
"../../../Engine/Content/EngineMaterials/FlattenMaterial.uasset" 265
"../../../Engine/Content/EngineMaterials/FlattenMaterial.uexp" 266
"../../../Engine/Content/EngineMaterials/FastBlueNoise_vec2_128x128x64.uasset" 267
"../../../Engine/Content/EngineMaterials/FastBlueNoise_vec2_128x128x64.uexp" 268
"../../../Engine/Content/EngineMaterials/FastBlueNoise_scalar_128x128x8.uasset" 269
"../../../Engine/Content/EngineMaterials/FastBlueNoise_scalar_128x128x8.uexp" 270
"../../../Engine/Content/EngineMaterials/FastBlueNoise_scalar_128x128x64.uasset" 271
"../../../Engine/Content/EngineMaterials/FastBlueNoise_scalar_128x128x64.uexp" 272
"../../../Engine/Content/EngineMaterials/DefaultWhiteGrid_Low.uasset" 273
"../../../Engine/Content/EngineMaterials/DefaultWhiteGrid_Low.uexp" 274
"../../../Engine/Content/EngineMaterials/EmissiveMeshMaterial.uasset" 275
"../../../Engine/Content/EngineMaterials/EmissiveMeshMaterial.uexp" 276
"../../../Engine/Content/EngineMaterials/DefaultWhiteGrid.ubulk" 277
"../../../Engine/Content/EngineMaterials/DefaultWhiteGrid.uasset" 278
"../../../Engine/Content/EngineMaterials/DefaultWhiteGrid.uexp" 279
"../../../Engine/Content/EngineFonts/RobotoDistanceField.uasset" 280
"../../../Engine/Content/EngineFonts/RobotoDistanceField.uexp" 281
"../../../Engine/Content/EngineMaterials/DefaultTextMaterialOpaque.uasset" 282
"../../../Engine/Content/EngineMaterials/DefaultTextMaterialOpaque.uexp" 283
"../../../Engine/Content/EngineMaterials/DefaultPostProcessMaterial.uasset" 284
"../../../Engine/Content/EngineMaterials/DefaultPostProcessMaterial.uexp" 285
"../../../Engine/Content/EngineMaterials/DefaultLightFunctionMaterial.uasset" 286
"../../../Engine/Content/EngineMaterials/DefaultLightFunctionMaterial.uexp" 287
"../../../Engine/Content/EngineMaterials/DefaultDeferredDecalMaterial.uasset" 288
"../../../Engine/Content/EngineMaterials/DefaultDeferredDecalMaterial.uexp" 289
"../../../Engine/Content/EngineMaterials/DefaultBokeh.uasset" 290
"../../../Engine/Content/EngineMaterials/DefaultBokeh.uexp" 291
"../../../Engine/Content/EngineMaterials/DefaultBloomKernel.uasset" 292
"../../../Engine/Content/EngineMaterials/DefaultBloomKernel.uexp" 293
"../../../Engine/Content/Functions/Engine_MaterialFunctions02/Utility/CameraDirectionVector.uasset" 294
"../../../Engine/Content/Functions/Engine_MaterialFunctions02/Utility/CameraDirectionVector.uexp" 295
"../../../Engine/Content/EngineDebugMaterials/VolumeToRender.uasset" 296
"../../../Engine/Content/EngineDebugMaterials/VolumeToRender.uexp" 297
"../../../Engine/Content/EngineDebugMaterials/M_VolumeRenderSphereTracePP.uasset" 298
"../../../Engine/Content/EngineDebugMaterials/M_VolumeRenderSphereTracePP.uexp" 299
"../../../Engine/Content/EngineDebugMaterials/M_SimpleUnlitTranslucent.uasset" 300
"../../../Engine/Content/EngineDebugMaterials/M_SimpleUnlitTranslucent.uexp" 301
"../../../Engine/Content/EngineDebugMaterials/DebugMeshMaterial.uasset" 302
"../../../Engine/Content/EngineDebugMaterials/DebugMeshMaterial.uexp" 303
"../../../Engine/Content/EngineDebugMaterials/DebugEditorMaterial.uasset" 304
"../../../Engine/Content/EngineDebugMaterials/DebugEditorMaterial.uexp" 305
"../../../Engine/Content/EngineDamageTypes/DmgTypeBP_Environmental.uasset" 306
"../../../Engine/Content/EngineDamageTypes/DmgTypeBP_Environmental.uexp" 307
"../../../Engine/Content/EditorResources/S_Terrain.ubulk" 308
"../../../Engine/Content/EditorResources/S_Terrain.uasset" 309
"../../../Engine/Content/EditorResources/S_Terrain.uexp" 310
"../../../Engine/Content/EditorResources/S_Solver.ubulk" 311
"../../../Engine/Content/EditorResources/S_Solver.uasset" 312
"../../../Engine/Content/EditorResources/S_Solver.uexp" 313
"../../../Engine/Content/EditorResources/BSPVertex.uasset" 314
"../../../Engine/Content/EditorResources/BSPVertex.uexp" 315
"../../../Engine/Plugins/Runtime/HairStrands/Content/Materials/HairMeshesDefaultMaterial.uasset" 316
"../../../Engine/Plugins/Runtime/HairStrands/Content/Materials/HairMeshesDefaultMaterial.uexp" 317
"../../../Engine/Plugins/Runtime/HairStrands/Content/Materials/HairDefaultMaterial.uasset" 318
"../../../Engine/Plugins/Runtime/HairStrands/Content/Materials/HairDefaultMaterial.uexp" 319
"../../../Engine/Content/Functions/Engine_MaterialFunctions02/Utility/MakeFloat2.uasset" 320
"../../../Engine/Content/Functions/Engine_MaterialFunctions02/Utility/MakeFloat2.uexp" 321
"../../../Engine/Content/Functions/Engine_MaterialFunctions02/Utility/MakeFloat3.uasset" 322
"../../../Engine/Content/Functions/Engine_MaterialFunctions02/Utility/MakeFloat3.uexp" 323
"../../../Engine/Content/EngineMaterials/HairDebugColor.uasset" 324
"../../../Engine/Content/EngineMaterials/HairDebugColor.uexp" 325
"../../../Engine/Content/EngineMaterials/HairColorMap.uasset" 326
"../../../Engine/Content/EngineMaterials/HairColorMap.uexp" 327
"../../../Engine/Plugins/Runtime/HairStrands/Content/Materials/HairGroupColors.uasset" 328
"../../../Engine/Plugins/Runtime/HairStrands/Content/Materials/HairGroupColors.uexp" 329
"../../../Engine/Plugins/Runtime/HairStrands/Content/Materials/HairDebugMaterial.uasset" 330
"../../../Engine/Plugins/Runtime/HairStrands/Content/Materials/HairDebugMaterial.uexp" 331
"../../../Engine/Plugins/Runtime/HairStrands/Content/Materials/HairCardsDefaultMaterial.uasset" 332
"../../../Engine/Plugins/Runtime/HairStrands/Content/Materials/HairCardsDefaultMaterial.uexp" 333
"../../../Engine/Plugins/Runtime/AudioWidgets/Content/Resources/ScrubHandleDown_Clamped.uasset" 334
"../../../Engine/Plugins/Runtime/AudioWidgets/Content/Resources/ScrubHandleDown_Clamped.uexp" 335
"../../../Engine/Plugins/Interchange/Assets/Content/Functions/MX_UsdPreviewSurface.uasset" 336
"../../../Engine/Plugins/Interchange/Assets/Content/Functions/MX_UsdPreviewSurface.uexp" 337
"../../../Engine/Plugins/Interchange/Assets/Content/Functions/MX_UniformEDF.uasset" 338
"../../../Engine/Plugins/Interchange/Assets/Content/Functions/MX_UniformEDF.uexp" 339
"../../../Engine/Plugins/Interchange/Assets/Content/Functions/MX_TranslucentBSDF.uasset" 340
"../../../Engine/Plugins/Interchange/Assets/Content/Functions/MX_TranslucentBSDF.uexp" 341
"../../../Engine/Plugins/Interchange/Assets/Content/Functions/MX_ThinFilmBSDF.uasset" 342
"../../../Engine/Plugins/Interchange/Assets/Content/Functions/MX_ThinFilmBSDF.uexp" 343
"../../../Engine/Plugins/Interchange/Assets/Content/Functions/MX_SurfaceUnlit.uasset" 344
"../../../Engine/Plugins/Interchange/Assets/Content/Functions/MX_SurfaceUnlit.uexp" 345
"../../../Engine/Plugins/Interchange/Assets/Content/Functions/MX_Surface.uasset" 346
"../../../Engine/Plugins/Interchange/Assets/Content/Functions/MX_Surface.uexp" 347
"../../../Engine/Plugins/Interchange/Assets/Content/Functions/MX_SubsurfaceBSDF.uasset" 348
"../../../Engine/Plugins/Interchange/Assets/Content/Functions/MX_SubsurfaceBSDF.uexp" 349
"../../../Engine/Plugins/Interchange/Assets/Content/Functions/MX_SheenBSDF.uasset" 350
"../../../Engine/Plugins/Interchange/Assets/Content/Functions/MX_SheenBSDF.uexp" 351
"../../../Engine/Plugins/Interchange/Assets/Content/Functions/MX_OrenNayarBSDF.uasset" 352
"../../../Engine/Plugins/Interchange/Assets/Content/Functions/MX_OrenNayarBSDF.uexp" 353
"../../../Engine/Plugins/Interchange/Assets/Content/Functions/MF_IridescenceNoLUT.uasset" 354
"../../../Engine/Plugins/Interchange/Assets/Content/Functions/MF_IridescenceNoLUT.uexp" 355
"../../../Engine/Plugins/Interchange/Assets/Content/Functions/MX_StandardSurface.uasset" 356
"../../../Engine/Plugins/Interchange/Assets/Content/Functions/MX_StandardSurface.uexp" 357
"../../../Engine/Plugins/Interchange/Assets/Content/Functions/MX_TransmissionSurface.uasset" 358
"../../../Engine/Plugins/Interchange/Assets/Content/Functions/MX_TransmissionSurface.uexp" 359
"../../../Engine/Plugins/Interchange/Assets/Content/Functions/MX_OpenPBR_Translucent.uasset" 360
"../../../Engine/Plugins/Interchange/Assets/Content/Functions/MX_OpenPBR_Translucent.uexp" 361
"../../../Engine/Plugins/Interchange/Assets/Content/Functions/MX_OpenPBR_Opaque.uasset" 362
"../../../Engine/Plugins/Interchange/Assets/Content/Functions/MX_OpenPBR_Opaque.uexp" 363
"../../../Engine/Plugins/Interchange/Assets/Content/Functions/MX_MeasuredEDF.uasset" 364
"../../../Engine/Plugins/Interchange/Assets/Content/Functions/MX_MeasuredEDF.uexp" 365
"../../../Engine/Plugins/Interchange/Assets/Content/Functions/MX_GeneralizedSchlickBSDF.uasset" 366
"../../../Engine/Plugins/Interchange/Assets/Content/Functions/MX_GeneralizedSchlickBSDF.uexp" 367
"../../../Engine/Plugins/Interchange/Assets/Content/Functions/MX_Displacement.uasset" 368
"../../../Engine/Plugins/Interchange/Assets/Content/Functions/MX_Displacement.uexp" 369
"../../../Engine/Plugins/Interchange/Assets/Content/Functions/MX_DielectricBSDF.uasset" 370
"../../../Engine/Plugins/Interchange/Assets/Content/Functions/MX_DielectricBSDF.uexp" 371
"../../../Engine/Plugins/Interchange/Assets/Content/Functions/MX_ConicalEDF.uasset" 372
"../../../Engine/Plugins/Interchange/Assets/Content/Functions/MX_ConicalEDF.uexp" 373
"../../../Engine/Plugins/Interchange/Assets/Content/Functions/MX_ConductorBSDF.uasset" 374
"../../../Engine/Plugins/Interchange/Assets/Content/Functions/MX_ConductorBSDF.uexp" 375
"../../../Engine/Plugins/Interchange/Assets/Content/Functions/MX_BurleyDiffuseBSDF.uasset" 376
"../../../Engine/Plugins/Interchange/Assets/Content/Functions/MX_BurleyDiffuseBSDF.uexp" 377
"../../../Engine/Plugins/Interchange/Assets/Content/Functions/MX_AnisotropicVDF.uasset" 378
"../../../Engine/Plugins/Interchange/Assets/Content/Functions/MX_AnisotropicVDF.uexp" 379
"../../../Engine/Plugins/Interchange/Assets/Content/Functions/MX_AbsorptionVDF.uasset" 380
"../../../Engine/Plugins/Interchange/Assets/Content/Functions/MX_AbsorptionVDF.uexp" 381
"../../../Engine/Content/Functions/Engine_MaterialFunctions02/Utility/BreakOutFloat3Components.uasset" 382
"../../../Engine/Content/Functions/Engine_MaterialFunctions02/Utility/BreakOutFloat3Components.uexp" 383
"../../../Engine/Content/Functions/Engine_MaterialFunctions02/Utility/VectorLength.uasset" 384
"../../../Engine/Content/Functions/Engine_MaterialFunctions02/Utility/VectorLength.uexp" 385
"../../../Engine/Content/Functions/Engine_MaterialFunctions02/WorldPositionOffset/ObjectScale.uasset" 386
"../../../Engine/Content/Functions/Engine_MaterialFunctions02/WorldPositionOffset/ObjectScale.uexp" 387
"../../../Engine/Content/Functions/Engine_MaterialFunctions02/SafeNormalize.uasset" 388
"../../../Engine/Content/Functions/Engine_MaterialFunctions02/SafeNormalize.uexp" 389
"../../../Engine/Plugins/Editor/SpeedTreeImporter/Content/SpeedTree9/UnpackInteger3.uasset" 390
"../../../Engine/Plugins/Editor/SpeedTreeImporter/Content/SpeedTree9/UnpackInteger3.uexp" 391
"../../../Engine/Plugins/Editor/SpeedTreeImporter/Content/SpeedTree9/UnpackDirection.uasset" 392
"../../../Engine/Plugins/Editor/SpeedTreeImporter/Content/SpeedTree9/UnpackDirection.uexp" 393
"../../../Engine/Plugins/Editor/SpeedTreeImporter/Content/SpeedTree9/game_wind_noise.ubulk" 394
"../../../Engine/Plugins/Editor/SpeedTreeImporter/Content/SpeedTree9/game_wind_noise.uasset" 395
"../../../Engine/Plugins/Editor/SpeedTreeImporter/Content/SpeedTree9/game_wind_noise.uexp" 396
"../../../Engine/Plugins/Editor/SpeedTreeImporter/Content/SpeedTree9/SpeedTreeWindMotion.uasset" 397
"../../../Engine/Plugins/Editor/SpeedTreeImporter/Content/SpeedTree9/SpeedTreeWindMotion.uexp" 398
"../../../Engine/Plugins/Editor/SpeedTreeImporter/Content/SpeedTree9/SpeedTreeBranchMotion.uasset" 399
"../../../Engine/Plugins/Editor/SpeedTreeImporter/Content/SpeedTree9/SpeedTreeBranchMotion.uexp" 400
"../../../Engine/Content/Functions/Engine_MaterialFunctions02/ObjectLocalBounds.uasset" 401
"../../../Engine/Content/Functions/Engine_MaterialFunctions02/ObjectLocalBounds.uexp" 402
"../../../Engine/Content/Functions/Engine_MaterialFunctions02/UVs/BoundingBoxBased_0-1_UVW.uasset" 403
"../../../Engine/Content/Functions/Engine_MaterialFunctions02/UVs/BoundingBoxBased_0-1_UVW.uexp" 404
"../../../Engine/Plugins/Editor/SpeedTreeImporter/Content/SpeedTree9/SpeedTreeWind.uasset" 405
"../../../Engine/Plugins/Editor/SpeedTreeImporter/Content/SpeedTree9/SpeedTreeWind.uexp" 406
"../../../Engine/Plugins/Editor/SpeedTreeImporter/Content/SpeedTree9/SpeedTreeCameraFacing.uasset" 407
"../../../Engine/Plugins/Editor/SpeedTreeImporter/Content/SpeedTree9/SpeedTreeCameraFacing.uexp" 408
"../../../Engine/Plugins/Editor/SpeedTreeImporter/Content/SpeedTree9/Empty.uasset" 409
"../../../Engine/Plugins/Editor/SpeedTreeImporter/Content/SpeedTree9/Empty.uexp" 410
"../../../Engine/Plugins/Editor/SpeedTreeImporter/Content/SpeedTree9/EmptyNormal.uasset" 411
"../../../Engine/Plugins/Editor/SpeedTreeImporter/Content/SpeedTree9/EmptyNormal.uexp" 412
"../../../Engine/Plugins/Editor/SpeedTreeImporter/Content/SpeedTree9/SpeedTreeMaster.uasset" 413
"../../../Engine/Plugins/Editor/SpeedTreeImporter/Content/SpeedTree9/SpeedTreeMaster.uexp" 414
"../../../Engine/Plugins/Editor/SpeedTreeImporter/Content/SpeedTree9/SpeedTreeBillboard.uasset" 415
"../../../Engine/Plugins/Editor/SpeedTreeImporter/Content/SpeedTree9/SpeedTreeBillboard.uexp" 416
"../../../Engine/Plugins/Editor/SpeedTreeImporter/Content/SpeedTree9/SpeedTreeBillboardMaster.uasset" 417
"../../../Engine/Plugins/Editor/SpeedTreeImporter/Content/SpeedTree9/SpeedTreeBillboardMaster.uexp" 418
"../../../Engine/Plugins/Animation/ControlRig/Content/Controls/ControlRig_Wedge_solid.ubulk" 419
"../../../Engine/Plugins/Animation/ControlRig/Content/Controls/ControlRig_Wedge_solid.uasset" 420
"../../../Engine/Plugins/Animation/ControlRig/Content/Controls/ControlRig_Wedge_solid.uexp" 421
"../../../Engine/Plugins/Animation/ControlRig/Content/Controls/ControlRig_Wedge_3mm.ubulk" 422
"../../../Engine/Plugins/Animation/ControlRig/Content/Controls/ControlRig_Wedge_3mm.uasset" 423
"../../../Engine/Plugins/Animation/ControlRig/Content/Controls/ControlRig_Wedge_3mm.uexp" 424
"../../../Engine/Plugins/Animation/ControlRig/Content/Controls/ControlRig_Wedge_1mm.ubulk" 425
"../../../Engine/Plugins/Animation/ControlRig/Content/Controls/ControlRig_Wedge_1mm.uasset" 426
"../../../Engine/Plugins/Animation/ControlRig/Content/Controls/ControlRig_Wedge_1mm.uexp" 427
"../../../Engine/Plugins/Animation/ControlRig/Content/Controls/ControlRig_Triangle_solid.ubulk" 428
"../../../Engine/Plugins/Animation/ControlRig/Content/Controls/ControlRig_Triangle_solid.uasset" 429
"../../../Engine/Plugins/Animation/ControlRig/Content/Controls/ControlRig_Triangle_solid.uexp" 430
"../../../Engine/Plugins/Animation/ControlRig/Content/Controls/ControlRig_Triangle_3mm.ubulk" 431
"../../../Engine/Plugins/Animation/ControlRig/Content/Controls/ControlRig_Triangle_3mm.uasset" 432
"../../../Engine/Plugins/Animation/ControlRig/Content/Controls/ControlRig_Triangle_3mm.uexp" 433
"../../../Engine/Plugins/Animation/ControlRig/Content/Controls/ControlRig_Triangle_1mm.ubulk" 434
"../../../Engine/Plugins/Animation/ControlRig/Content/Controls/ControlRig_Triangle_1mm.uasset" 435
"../../../Engine/Plugins/Animation/ControlRig/Content/Controls/ControlRig_Triangle_1mm.uexp" 436
"../../../Engine/Plugins/Animation/ControlRig/Content/Controls/ControlRig_Star4_solid.ubulk" 437
"../../../Engine/Plugins/Animation/ControlRig/Content/Controls/ControlRig_Star4_solid.uasset" 438
"../../../Engine/Plugins/Animation/ControlRig/Content/Controls/ControlRig_Star4_solid.uexp" 439
"../../../Engine/Plugins/Animation/ControlRig/Content/Controls/ControlRig_Star4_3mm.ubulk" 440
"../../../Engine/Plugins/Animation/ControlRig/Content/Controls/ControlRig_Star4_3mm.uasset" 441
"../../../Engine/Plugins/Animation/ControlRig/Content/Controls/ControlRig_Star4_3mm.uexp" 442
"../../../Engine/Plugins/Animation/ControlRig/Content/Controls/ControlRig_Star4_1mm.ubulk" 443
"../../../Engine/Plugins/Animation/ControlRig/Content/Controls/ControlRig_Star4_1mm.uasset" 444
"../../../Engine/Plugins/Animation/ControlRig/Content/Controls/ControlRig_Star4_1mm.uexp" 445
"../../../Engine/Plugins/Animation/ControlRig/Content/Controls/ControlRig_Square_solid.ubulk" 446
"../../../Engine/Plugins/Animation/ControlRig/Content/Controls/ControlRig_Square_solid.uasset" 447
"../../../Engine/Plugins/Animation/ControlRig/Content/Controls/ControlRig_Square_solid.uexp" 448
"../../../Engine/Plugins/Animation/ControlRig/Content/Controls/ControlRig_Square_3mm.ubulk" 449
"../../../Engine/Plugins/Animation/ControlRig/Content/Controls/ControlRig_Square_3mm.uasset" 450
"../../../Engine/Plugins/Animation/ControlRig/Content/Controls/ControlRig_Square_3mm.uexp" 451
"../../../Engine/Plugins/Animation/ControlRig/Content/Controls/ControlRig_Square_1mm.ubulk" 452
"../../../Engine/Plugins/Animation/ControlRig/Content/Controls/ControlRig_Square_1mm.uasset" 453
"../../../Engine/Plugins/Animation/ControlRig/Content/Controls/ControlRig_Square_1mm.uexp" 454
"../../../Engine/Plugins/Animation/ControlRig/Content/Controls/ControlRig_Sphere_solid.ubulk" 455
"../../../Engine/Plugins/Animation/ControlRig/Content/Controls/ControlRig_Sphere_solid.uasset" 456
"../../../Engine/Plugins/Animation/ControlRig/Content/Controls/ControlRig_Sphere_solid.uexp" 457
"../../../Engine/Plugins/Animation/ControlRig/Content/Controls/ControlRig_Sphere_3mm.ubulk" 458
"../../../Engine/Plugins/Animation/ControlRig/Content/Controls/ControlRig_Sphere_3mm.uasset" 459
"../../../Engine/Plugins/Animation/ControlRig/Content/Controls/ControlRig_Sphere_3mm.uexp" 460
"../../../Engine/Plugins/Animation/ControlRig/Content/Controls/ControlRig_Sphere_1mm.ubulk" 461
"../../../Engine/Plugins/Animation/ControlRig/Content/Controls/ControlRig_Sphere_1mm.uasset" 462
"../../../Engine/Plugins/Animation/ControlRig/Content/Controls/ControlRig_Sphere_1mm.uexp" 463
"../../../Engine/Plugins/Animation/ControlRig/Content/Controls/ControlRig_RoundedTriangle_solid.ubulk" 464
"../../../Engine/Plugins/Animation/ControlRig/Content/Controls/ControlRig_RoundedTriangle_solid.uasset" 465
"../../../Engine/Plugins/Animation/ControlRig/Content/Controls/ControlRig_RoundedTriangle_solid.uexp" 466
"../../../Engine/Plugins/Animation/ControlRig/Content/Controls/ControlRig_RoundedTriangle_3mm.ubulk" 467
"../../../Engine/Plugins/Animation/ControlRig/Content/Controls/ControlRig_RoundedTriangle_3mm.uasset" 468
"../../../Engine/Plugins/Animation/ControlRig/Content/Controls/ControlRig_RoundedTriangle_3mm.uexp" 469
"../../../Engine/Plugins/Animation/ControlRig/Content/Controls/ControlRig_RoundedTriangle_1mm.ubulk" 470
"../../../Engine/Plugins/Animation/ControlRig/Content/Controls/ControlRig_RoundedTriangle_1mm.uasset" 471
"../../../Engine/Plugins/Animation/ControlRig/Content/Controls/ControlRig_RoundedTriangle_1mm.uexp" 472
"../../../Engine/Plugins/Animation/ControlRig/Content/Controls/ControlRig_RoundedSquare_solid.ubulk" 473
"../../../Engine/Plugins/Animation/ControlRig/Content/Controls/ControlRig_RoundedSquare_solid.uasset" 474
"../../../Engine/Plugins/Animation/ControlRig/Content/Controls/ControlRig_RoundedSquare_solid.uexp" 475
"../../../Engine/Plugins/Animation/ControlRig/Content/Controls/ControlRig_RoundedSquare_3mm.ubulk" 476
"../../../Engine/Plugins/Animation/ControlRig/Content/Controls/ControlRig_RoundedSquare_3mm.uasset" 477
"../../../Engine/Plugins/Animation/ControlRig/Content/Controls/ControlRig_RoundedSquare_3mm.uexp" 478
"../../../Engine/Plugins/Animation/ControlRig/Content/Controls/ControlRig_RoundedSquare_1mm.ubulk" 479
"../../../Engine/Plugins/Animation/ControlRig/Content/Controls/ControlRig_RoundedSquare_1mm.uasset" 480
"../../../Engine/Plugins/Animation/ControlRig/Content/Controls/ControlRig_RoundedSquare_1mm.uexp" 481
"../../../Engine/Plugins/Animation/ControlRig/Content/Controls/ControlRig_QuarterCircle_solid.ubulk" 482
"../../../Engine/Plugins/Animation/ControlRig/Content/Controls/ControlRig_QuarterCircle_solid.uasset" 483
"../../../Engine/Plugins/Animation/ControlRig/Content/Controls/ControlRig_QuarterCircle_solid.uexp" 484
"../../../Engine/Plugins/Animation/ControlRig/Content/Controls/ControlRig_QuarterCircle_3mm.ubulk" 485
"../../../Engine/Plugins/Animation/ControlRig/Content/Controls/ControlRig_QuarterCircle_3mm.uasset" 486
"../../../Engine/Plugins/Animation/ControlRig/Content/Controls/ControlRig_QuarterCircle_3mm.uexp" 487
"../../../Engine/Plugins/Animation/ControlRig/Content/Controls/ControlRig_QuarterCircle_1mm.ubulk" 488
"../../../Engine/Plugins/Animation/ControlRig/Content/Controls/ControlRig_QuarterCircle_1mm.uasset" 489
"../../../Engine/Plugins/Animation/ControlRig/Content/Controls/ControlRig_QuarterCircle_1mm.uexp" 490
"../../../Engine/Plugins/Animation/ControlRig/Content/Controls/ControlRig_Pyramid_solid.ubulk" 491
"../../../Engine/Plugins/Animation/ControlRig/Content/Controls/ControlRig_Pyramid_solid.uasset" 492
"../../../Engine/Plugins/Animation/ControlRig/Content/Controls/ControlRig_Pyramid_solid.uexp" 493
"../../../Engine/Plugins/Animation/ControlRig/Content/Controls/ControlRig_Pyramid_3mm.ubulk" 494
"../../../Engine/Plugins/Animation/ControlRig/Content/Controls/ControlRig_Pyramid_3mm.uasset" 495
"../../../Engine/Plugins/Animation/ControlRig/Content/Controls/ControlRig_Pyramid_3mm.uexp" 496
"../../../Engine/Plugins/Animation/ControlRig/Content/Controls/ControlRig_Pyramid_1mm.ubulk" 497
"../../../Engine/Plugins/Animation/ControlRig/Content/Controls/ControlRig_Pyramid_1mm.uasset" 498
"../../../Engine/Plugins/Animation/ControlRig/Content/Controls/ControlRig_Pyramid_1mm.uexp" 499
"../../../Engine/Plugins/Animation/ControlRig/Content/Controls/ControlRig_Octagon_solid.ubulk" 500
"../../../Engine/Plugins/Animation/ControlRig/Content/Controls/ControlRig_Octagon_solid.uasset" 501
"../../../Engine/Plugins/Animation/ControlRig/Content/Controls/ControlRig_Octagon_solid.uexp" 502
"../../../Engine/Plugins/Animation/ControlRig/Content/Controls/ControlRig_Octagon_3mm.ubulk" 503
"../../../Engine/Plugins/Animation/ControlRig/Content/Controls/ControlRig_Octagon_3mm.uasset" 504
"../../../Engine/Plugins/Animation/ControlRig/Content/Controls/ControlRig_Octagon_3mm.uexp" 505
"../../../Engine/Plugins/Animation/ControlRig/Content/Controls/ControlRig_Octagon_1mm.ubulk" 506
"../../../Engine/Plugins/Animation/ControlRig/Content/Controls/ControlRig_Octagon_1mm.uasset" 507
"../../../Engine/Plugins/Animation/ControlRig/Content/Controls/ControlRig_Octagon_1mm.uexp" 508
"../../../Engine/Plugins/Animation/ControlRig/Content/Controls/ControlRig_Hexagon_solid.ubulk" 509
"../../../Engine/Plugins/Animation/ControlRig/Content/Controls/ControlRig_Hexagon_solid.uasset" 510
"../../../Engine/Plugins/Animation/ControlRig/Content/Controls/ControlRig_Hexagon_solid.uexp" 511
"../../../Engine/Plugins/Animation/ControlRig/Content/Controls/ControlRig_Hexagon_3mm.ubulk" 512
"../../../Engine/Plugins/Animation/ControlRig/Content/Controls/ControlRig_Hexagon_3mm.uasset" 513
"../../../Engine/Plugins/Animation/ControlRig/Content/Controls/ControlRig_Hexagon_3mm.uexp" 514
"../../../Engine/Plugins/Animation/ControlRig/Content/Controls/ControlRig_Hexagon_1mm.ubulk" 515
"../../../Engine/Plugins/Animation/ControlRig/Content/Controls/ControlRig_Hexagon_1mm.uasset" 516
"../../../Engine/Plugins/Animation/ControlRig/Content/Controls/ControlRig_Hexagon_1mm.uexp" 517
"../../../Engine/Plugins/Animation/ControlRig/Content/Controls/ControlRig_HalfCircle_solid.ubulk" 518
"../../../Engine/Plugins/Animation/ControlRig/Content/Controls/ControlRig_HalfCircle_solid.uasset" 519
"../../../Engine/Plugins/Animation/ControlRig/Content/Controls/ControlRig_HalfCircle_solid.uexp" 520
"../../../Engine/Plugins/Animation/ControlRig/Content/Controls/ControlRig_HalfCircle_3mm.ubulk" 521
"../../../Engine/Plugins/Animation/ControlRig/Content/Controls/ControlRig_HalfCircle_3mm.uasset" 522
"../../../Engine/Plugins/Animation/ControlRig/Content/Controls/ControlRig_HalfCircle_3mm.uexp" 523
"../../../Engine/Plugins/Animation/ControlRig/Content/Controls/ControlRig_HalfCircle_1mm.ubulk" 524
"../../../Engine/Plugins/Animation/ControlRig/Content/Controls/ControlRig_HalfCircle_1mm.uasset" 525
"../../../Engine/Plugins/Animation/ControlRig/Content/Controls/ControlRig_HalfCircle_1mm.uexp" 526
"../../../Engine/Plugins/Animation/ControlRig/Content/Controls/ControlRig_Diamond_solid.ubulk" 527
"../../../Engine/Plugins/Animation/ControlRig/Content/Controls/ControlRig_Diamond_solid.uasset" 528
"../../../Engine/Plugins/Animation/ControlRig/Content/Controls/ControlRig_Diamond_solid.uexp" 529
"../../../Engine/Plugins/Animation/ControlRig/Content/Controls/ControlRig_Diamond_3mm.ubulk" 530
"../../../Engine/Plugins/Animation/ControlRig/Content/Controls/ControlRig_Diamond_3mm.uasset" 531
"../../../Engine/Plugins/Animation/ControlRig/Content/Controls/ControlRig_Diamond_3mm.uexp" 532
"../../../Engine/Plugins/Animation/ControlRig/Content/Controls/ControlRig_Diamond_1mm.ubulk" 533
"../../../Engine/Plugins/Animation/ControlRig/Content/Controls/ControlRig_Diamond_1mm.uasset" 534
"../../../Engine/Plugins/Animation/ControlRig/Content/Controls/ControlRig_Diamond_1mm.uexp" 535
"../../../Engine/Plugins/Animation/ControlRig/Content/Controls/ControlRig_Circle_solid.ubulk" 536
"../../../Engine/Plugins/Animation/ControlRig/Content/Controls/ControlRig_Circle_solid.uasset" 537
"../../../Engine/Plugins/Animation/ControlRig/Content/Controls/ControlRig_Circle_solid.uexp" 538
"../../../Engine/Plugins/Animation/ControlRig/Content/Controls/ControlRig_Circle_3mm.ubulk" 539
"../../../Engine/Plugins/Animation/ControlRig/Content/Controls/ControlRig_Circle_3mm.uasset" 540
"../../../Engine/Plugins/Animation/ControlRig/Content/Controls/ControlRig_Circle_3mm.uexp" 541
"../../../Engine/Plugins/Animation/ControlRig/Content/Controls/ControlRig_Circle_1mm.ubulk" 542
"../../../Engine/Plugins/Animation/ControlRig/Content/Controls/ControlRig_Circle_1mm.uasset" 543
"../../../Engine/Plugins/Animation/ControlRig/Content/Controls/ControlRig_Circle_1mm.uexp" 544
"../../../Engine/Plugins/Animation/ControlRig/Content/Controls/ControlRig_Box_solid.ubulk" 545
"../../../Engine/Plugins/Animation/ControlRig/Content/Controls/ControlRig_Box_solid.uasset" 546
"../../../Engine/Plugins/Animation/ControlRig/Content/Controls/ControlRig_Box_solid.uexp" 547
"../../../Engine/Plugins/Animation/ControlRig/Content/Controls/ControlRig_Box_3mm.ubulk" 548
"../../../Engine/Plugins/Animation/ControlRig/Content/Controls/ControlRig_Box_3mm.uasset" 549
"../../../Engine/Plugins/Animation/ControlRig/Content/Controls/ControlRig_Box_3mm.uexp" 550
"../../../Engine/Plugins/Animation/ControlRig/Content/Controls/ControlRig_Box_1mm.ubulk" 551
"../../../Engine/Plugins/Animation/ControlRig/Content/Controls/ControlRig_Box_1mm.uasset" 552
"../../../Engine/Plugins/Animation/ControlRig/Content/Controls/ControlRig_Box_1mm.uexp" 553
"../../../Engine/Plugins/Animation/ControlRig/Content/Controls/ControlRig_Arrow_solid.ubulk" 554
"../../../Engine/Plugins/Animation/ControlRig/Content/Controls/ControlRig_Arrow_solid.uasset" 555
"../../../Engine/Plugins/Animation/ControlRig/Content/Controls/ControlRig_Arrow_solid.uexp" 556
"../../../Engine/Plugins/Animation/ControlRig/Content/Controls/ControlRig_Arrow_3mm.ubulk" 557
"../../../Engine/Plugins/Animation/ControlRig/Content/Controls/ControlRig_Arrow_3mm.uasset" 558
"../../../Engine/Plugins/Animation/ControlRig/Content/Controls/ControlRig_Arrow_3mm.uexp" 559
"../../../Engine/Plugins/Animation/ControlRig/Content/Controls/ControlRig_Arrow_1mm.ubulk" 560
"../../../Engine/Plugins/Animation/ControlRig/Content/Controls/ControlRig_Arrow_1mm.uasset" 561
"../../../Engine/Plugins/Animation/ControlRig/Content/Controls/ControlRig_Arrow_1mm.uexp" 562
"../../../Engine/Plugins/Animation/ControlRig/Content/Controls/ControlRig_Arrow4_solid.ubulk" 563
"../../../Engine/Plugins/Animation/ControlRig/Content/Controls/ControlRig_Arrow4_solid.uasset" 564
"../../../Engine/Plugins/Animation/ControlRig/Content/Controls/ControlRig_Arrow4_solid.uexp" 565
"../../../Engine/Plugins/Animation/ControlRig/Content/Controls/ControlRig_Arrow4_3mm.ubulk" 566
"../../../Engine/Plugins/Animation/ControlRig/Content/Controls/ControlRig_Arrow4_3mm.uasset" 567
"../../../Engine/Plugins/Animation/ControlRig/Content/Controls/ControlRig_Arrow4_3mm.uexp" 568
"../../../Engine/Plugins/Animation/ControlRig/Content/Controls/ControlRig_Arrow4_1mm.ubulk" 569
"../../../Engine/Plugins/Animation/ControlRig/Content/Controls/ControlRig_Arrow4_1mm.uasset" 570
"../../../Engine/Plugins/Animation/ControlRig/Content/Controls/ControlRig_Arrow4_1mm.uexp" 571
"../../../Engine/Plugins/Animation/ControlRig/Content/Controls/ControlRig_Arrow2_solid.ubulk" 572
"../../../Engine/Plugins/Animation/ControlRig/Content/Controls/ControlRig_Arrow2_solid.uasset" 573
"../../../Engine/Plugins/Animation/ControlRig/Content/Controls/ControlRig_Arrow2_solid.uexp" 574
"../../../Engine/Plugins/Animation/ControlRig/Content/Controls/ControlRig_Arrow2_3mm.ubulk" 575
"../../../Engine/Plugins/Animation/ControlRig/Content/Controls/ControlRig_Arrow2_3mm.uasset" 576
"../../../Engine/Plugins/Animation/ControlRig/Content/Controls/ControlRig_Arrow2_3mm.uexp" 577
"../../../Engine/Plugins/Animation/ControlRig/Content/Controls/ControlRig_Arrow2_1mm.ubulk" 578
"../../../Engine/Plugins/Animation/ControlRig/Content/Controls/ControlRig_Arrow2_1mm.uasset" 579
"../../../Engine/Plugins/Animation/ControlRig/Content/Controls/ControlRig_Arrow2_1mm.uexp" 580
"../../../Engine/Plugins/Animation/ControlRig/Content/Controls/ControlRigXRayMaterial.uasset" 581
"../../../Engine/Plugins/Animation/ControlRig/Content/Controls/ControlRigXRayMaterial.uexp" 582
"../../../Engine/Plugins/Animation/ControlRig/Content/Controls/ControlRigGizmoMaterial.uasset" 583
"../../../Engine/Plugins/Animation/ControlRig/Content/Controls/ControlRigGizmoMaterial.uexp" 584
"../../../Engine/Content/MapTemplates/T_UDK_Sky_CloudMask03.ubulk" 585
"../../../Engine/Content/MapTemplates/T_UDK_Sky_CloudMask03.uasset" 586
"../../../Engine/Content/MapTemplates/T_UDK_Sky_CloudMask03.uexp" 587
"../../../Engine/Content/MapTemplates/TilingNoise05.ubulk" 588
"../../../Engine/Content/MapTemplates/TilingNoise05.uasset" 589
"../../../Engine/Content/MapTemplates/TilingNoise05.uexp" 590
"../../../Engine/Content/MapTemplates/CloudRimLighting.uasset" 591
"../../../Engine/Content/MapTemplates/CloudRimLighting.uexp" 592
"../../../Engine/Content/MapTemplates/TestCard.ubulk" 593
"../../../Engine/Content/MapTemplates/TestCard.uasset" 594
"../../../Engine/Content/MapTemplates/TestCard.uexp" 595
"../../../Engine/Content/MapTemplates/CloudShadowSample.uasset" 596
"../../../Engine/Content/MapTemplates/CloudShadowSample.uexp" 597
"../../../Engine/Content/MapTemplates/CloudShadowSample4Iterations_Hem.uasset" 598
"../../../Engine/Content/MapTemplates/CloudShadowSample4Iterations_Hem.uexp" 599
"../../../Engine/Content/MapTemplates/CloudHemisphereShadowing.uasset" 600
"../../../Engine/Content/MapTemplates/CloudHemisphereShadowing.uexp" 601
"../../../Engine/Content/MapTemplates/CloudShadowSample4Iterations.uasset" 602
"../../../Engine/Content/MapTemplates/CloudShadowSample4Iterations.uexp" 603
"../../../Engine/Content/MapTemplates/CloudDensityShadowing.uasset" 604
"../../../Engine/Content/MapTemplates/CloudDensityShadowing.uexp" 605
"../../../Engine/Content/MapTemplates/MASTER_Sky_Material.uasset" 606
"../../../Engine/Content/MapTemplates/MASTER_Sky_Material.uexp" 607
"../../../Engine/Plugins/VirtualProduction/CameraCalibrationCore/Content/Materials/M_DefaultOddSquare.uasset" 608
"../../../Engine/Plugins/VirtualProduction/CameraCalibrationCore/Content/Materials/M_DefaultOddSquare.uexp" 609
"../../../Engine/Plugins/VirtualProduction/CameraCalibrationCore/Content/Materials/M_DefaultEvenSquare.uasset" 610
"../../../Engine/Plugins/VirtualProduction/CameraCalibrationCore/Content/Materials/M_DefaultEvenSquare.uexp" 611
"../../../Engine/Content/EditorMaterials/Dataflow/DataflowVertexMaterial.uasset" 612
"../../../Engine/Content/EditorMaterials/Dataflow/DataflowVertexMaterial.uexp" 613
"../../../Engine/Content/EditorMaterials/Dataflow/DataflowTwoSidedVertexMaterial.uasset" 614
"../../../Engine/Content/EditorMaterials/Dataflow/DataflowTwoSidedVertexMaterial.uexp" 615
"../../../Engine/Content/EngineResources/FilmGrains/Marcie_Grain_v3_128_M2_000.uasset" 616
"../../../Engine/Content/EngineResources/FilmGrains/Marcie_Grain_v3_128_M2_000.uexp" 617
"../../../Engine/Content/EngineResources/Development/ZenLogo_64.uasset" 618
"../../../Engine/Content/EngineResources/Development/ZenLogo_64.uexp" 619
"../../../Engine/Content/EngineMaterials/LTC/Sheen_LTC.uasset" 620
"../../../Engine/Content/EngineMaterials/LTC/Sheen_LTC.uexp" 621
"../../../Engine/Content/EngineMaterials/LTC/GGX_LTCMat.uasset" 622
"../../../Engine/Content/EngineMaterials/LTC/GGX_LTCMat.uexp" 623
"../../../Engine/Content/EngineMaterials/LTC/GGX_LTCAmp.uasset" 624
"../../../Engine/Content/EngineMaterials/LTC/GGX_LTCAmp.uexp" 625
"../../../Engine/Content/EngineMaterials/EnergyConservation/Sheen_Energy.uasset" 626
"../../../Engine/Content/EngineMaterials/EnergyConservation/Sheen_Energy.uexp" 627
"../../../Engine/Content/EngineMaterials/EnergyConservation/SheenLegacy_Energy.uasset" 628
"../../../Engine/Content/EngineMaterials/EnergyConservation/SheenLegacy_Energy.uexp" 629
"../../../Engine/Content/EngineMaterials/EnergyConservation/GGX_TransmissionEnergyArray.uasset" 630
"../../../Engine/Content/EngineMaterials/EnergyConservation/GGX_TransmissionEnergyArray.uexp" 631
"../../../Engine/Content/EngineMaterials/EnergyConservation/GGX_ReflectionEnergy.uasset" 632
"../../../Engine/Content/EngineMaterials/EnergyConservation/GGX_ReflectionEnergy.uexp" 633
"../../../Engine/Content/EngineMaterials/EnergyConservation/Diffuse_Energy.uasset" 634
"../../../Engine/Content/EngineMaterials/EnergyConservation/Diffuse_Energy.uexp" 635
"../../../Engine/Content/EditorResources/SequenceRecorder/RecordingIndicator.uasset" 636
"../../../Engine/Content/EditorResources/SequenceRecorder/RecordingIndicator.uexp" 637
"../../../Engine/Content/EditorResources/SequenceRecorder/Countdown.uasset" 638
"../../../Engine/Content/EditorResources/SequenceRecorder/Countdown.uexp" 639
"../../../Engine/Content/EditorMaterials/Camera/CineMat.uasset" 640
"../../../Engine/Content/EditorMaterials/Camera/CineMat.uexp" 641
"../../../Engine/Content/EditorMaterials/Camera/MI_CineMat_Rig.uasset" 642
"../../../Engine/Content/EditorMaterials/Camera/MI_CineMat_Rig.uexp" 643
"../../../Engine/Content/EditorMeshes/Camera/SM_RailRig_Track.ubulk" 644
"../../../Engine/Content/EditorMeshes/Camera/SM_RailRig_Track.uasset" 645
"../../../Engine/Content/EditorMeshes/Camera/SM_RailRig_Track.uexp" 646
"../../../Engine/Content/EditorMeshes/Camera/SM_RailRig_Mount.ubulk" 647
"../../../Engine/Content/EditorMeshes/Camera/SM_RailRig_Mount.uasset" 648
"../../../Engine/Content/EditorMeshes/Camera/SM_RailRig_Mount.uexp" 649
"../../../Engine/Content/EditorMeshes/Camera/SM_CraneRig_Mount.ubulk" 650
"../../../Engine/Content/EditorMeshes/Camera/SM_CraneRig_Mount.uasset" 651
"../../../Engine/Content/EditorMeshes/Camera/SM_CraneRig_Mount.uexp" 652
"../../../Engine/Content/EditorMeshes/Camera/SM_CraneRig_Body.ubulk" 653
"../../../Engine/Content/EditorMeshes/Camera/SM_CraneRig_Body.uasset" 654
"../../../Engine/Content/EditorMeshes/Camera/SM_CraneRig_Body.uexp" 655
"../../../Engine/Content/EditorMeshes/Camera/SM_CraneRig_Base.ubulk" 656
"../../../Engine/Content/EditorMeshes/Camera/SM_CraneRig_Base.uasset" 657
"../../../Engine/Content/EditorMeshes/Camera/SM_CraneRig_Base.uexp" 658
"../../../Engine/Content/EditorMeshes/Camera/SM_CraneRig_Arm.ubulk" 659
"../../../Engine/Content/EditorMeshes/Camera/SM_CraneRig_Arm.uasset" 660
"../../../Engine/Content/EditorMeshes/Camera/SM_CraneRig_Arm.uexp" 661
"../../../Engine/Content/EditorMaterials/ParticleSystems/PSysThumbnail_OOD.ubulk" 662
"../../../Engine/Content/EditorMaterials/ParticleSystems/PSysThumbnail_OOD.uasset" 663
"../../../Engine/Content/EditorMaterials/ParticleSystems/PSysThumbnail_OOD.uexp" 664
"../../../Engine/Content/EditorMaterials/ParticleSystems/PSysThumbnail_NoImage.ubulk" 665
"../../../Engine/Content/EditorMaterials/ParticleSystems/PSysThumbnail_NoImage.uasset" 666
"../../../Engine/Content/EditorMaterials/ParticleSystems/PSysThumbnail_NoImage.uexp" 667
"../../../Engine/Content/VREditor/TransformGizmo/Xray.uasset" 668
"../../../Engine/Content/VREditor/TransformGizmo/Xray.uexp" 669
"../../../Engine/Content/VREditor/TransformGizmo/Main.uasset" 670
"../../../Engine/Content/VREditor/TransformGizmo/Main.uexp" 671
"../../../Engine/Content/VREditor/TransformGizmo/SM_Sequencer_Node.ubulk" 672
"../../../Engine/Content/VREditor/TransformGizmo/SM_Sequencer_Node.uasset" 673
"../../../Engine/Content/VREditor/TransformGizmo/SM_Sequencer_Node.uexp" 674
"../../../Engine/Content/VREditor/LaserPointer/VR_LaserPower_01.ubulk" 675
"../../../Engine/Content/VREditor/LaserPointer/VR_LaserPower_01.uasset" 676
"../../../Engine/Content/VREditor/LaserPointer/VR_LaserPower_01.uexp" 677
"../../../Engine/Content/VREditor/TransformGizmo/TransformGizmoMaterial.uasset" 678
"../../../Engine/Content/VREditor/TransformGizmo/TransformGizmoMaterial.uexp" 679
"../../../Engine/Content/VREditor/TransformGizmo/TranslucentTransformGizmoMaterial.uasset" 680
"../../../Engine/Content/VREditor/TransformGizmo/TranslucentTransformGizmoMaterial.uexp" 681
"../../../Engine/Content/VREditor/TransformGizmo/BoundingBoxEdge.ubulk" 682
"../../../Engine/Content/VREditor/TransformGizmo/BoundingBoxEdge.uasset" 683
"../../../Engine/Content/VREditor/TransformGizmo/BoundingBoxEdge.uexp" 684
"../../../Engine/Content/VREditor/TransformGizmo/BoundingBoxCorner.ubulk" 685
"../../../Engine/Content/VREditor/TransformGizmo/BoundingBoxCorner.uasset" 686
"../../../Engine/Content/VREditor/TransformGizmo/BoundingBoxCorner.uexp" 687
"../../../Engine/Content/ArtTools/RenderToTexture/Meshes/S_1_Unit_Plane.ubulk" 688
"../../../Engine/Content/ArtTools/RenderToTexture/Meshes/S_1_Unit_Plane.uasset" 689
"../../../Engine/Content/ArtTools/RenderToTexture/Meshes/S_1_Unit_Plane.uexp" 690
"../../../Engine/Content/EngineMaterials/Substrate/Glints2/AGlintTex2dArray2.uasset" 691
"../../../Engine/Content/EngineMaterials/Substrate/Glints2/AGlintTex2dArray2.uexp" 692
"../../../Engine/Content/EngineMaterials/Substrate/GLints/AGlintTex2dArray.uasset" 693
"../../../Engine/Content/EngineMaterials/Substrate/GLints/AGlintTex2dArray.uexp" 694
"../../../Engine/Content/Functions/Engine_MaterialFunctions01/Shading/PowerToRoughness.uasset" 695
"../../../Engine/Content/Functions/Engine_MaterialFunctions01/Shading/PowerToRoughness.uexp" 696
"../../../Engine/Content/Functions/Engine_MaterialFunctions01/Shading/ConvertFromDiffSpec.uasset" 697
"../../../Engine/Content/Functions/Engine_MaterialFunctions01/Shading/ConvertFromDiffSpec.uexp" 698
"../../../Engine/Content/EngineResources/DefaultTextureCube.uasset" 699
"../../../Engine/Content/EngineResources/DefaultTextureCube.uexp" 700
"../../../Engine/Content/EngineMaterials/Substrate/Volume/SubstrateSimpleVolumeEnvLUT3D.uasset" 701
"../../../Engine/Content/EngineMaterials/Substrate/Volume/SubstrateSimpleVolumeEnvLUT3D.uexp" 702
"../../../Engine/Content/EngineMaterials/Substrate/Volume/SubstrateSimpleVolumeLUT3D.uasset" 703
"../../../Engine/Content/EngineMaterials/Substrate/Volume/SubstrateSimpleVolumeLUT3D.uexp" 704
"../../../Engine/Content/Functions/Engine_MaterialFunctions01/Texturing/FlattenNormal.uasset" 705
"../../../Engine/Content/Functions/Engine_MaterialFunctions01/Texturing/FlattenNormal.uexp" 706
"../../../Engine/Plugins/Interchange/Assets/Content/Utilities/New_LUT.uasset" 707
"../../../Engine/Plugins/Interchange/Assets/Content/Utilities/New_LUT.uexp" 708
"../../../Engine/Content/Functions/Engine_MaterialFunctions03/Math/RemapValueRange.uasset" 709
"../../../Engine/Content/Functions/Engine_MaterialFunctions03/Math/RemapValueRange.uexp" 710
"../../../Engine/Plugins/Interchange/Assets/Content/Functions/MF_Iridescence.uasset" 711
"../../../Engine/Plugins/Interchange/Assets/Content/Functions/MF_Iridescence.uexp" 712
"../../../Engine/Plugins/Interchange/Assets/Content/gltf/Textures/T_White_srgb.uasset" 713
"../../../Engine/Plugins/Interchange/Assets/Content/gltf/Textures/T_White_srgb.uexp" 714
"../../../Engine/Plugins/Interchange/Assets/Content/gltf/MaterialFunctions/MF_BaseColor.uasset" 715
"../../../Engine/Plugins/Interchange/Assets/Content/gltf/MaterialFunctions/MF_BaseColor.uexp" 716
"../../../Engine/Plugins/Interchange/Assets/Content/gltf/MaterialFunctions/MF_RotateV2.uasset" 717
"../../../Engine/Plugins/Interchange/Assets/Content/gltf/MaterialFunctions/MF_RotateV2.uexp" 718
"../../../Engine/Plugins/Interchange/Assets/Content/gltf/MaterialFunctions/MF_TransformUVs.uasset" 719
"../../../Engine/Plugins/Interchange/Assets/Content/gltf/MaterialFunctions/MF_TransformUVs.uexp" 720
"../../../Engine/Plugins/Interchange/Assets/Content/gltf/MaterialFunctions/MF_IOR.uasset" 721
"../../../Engine/Plugins/Interchange/Assets/Content/gltf/MaterialFunctions/MF_IOR.uexp" 722
"../../../Engine/Plugins/Interchange/Assets/Content/gltf/MaterialFunctions/MF_Iridescence.uasset" 723
"../../../Engine/Plugins/Interchange/Assets/Content/gltf/MaterialFunctions/MF_Iridescence.uexp" 724
"../../../Engine/Plugins/Interchange/Assets/Content/gltf/Textures/T_White_Linear.uasset" 725
"../../../Engine/Plugins/Interchange/Assets/Content/gltf/Textures/T_White_Linear.uexp" 726
"../../../Engine/Plugins/Interchange/Assets/Content/gltf/MaterialFunctions/MF_MetallicRoughness.uasset" 727
"../../../Engine/Plugins/Interchange/Assets/Content/gltf/MaterialFunctions/MF_MetallicRoughness.uexp" 728
"../../../Engine/Content/Functions/Engine_MaterialFunctions02/Math/Transform3x3Matrix.uasset" 729
"../../../Engine/Content/Functions/Engine_MaterialFunctions02/Math/Transform3x3Matrix.uexp" 730
"../../../Engine/Plugins/Interchange/Assets/Content/gltf/MaterialFunctions/MF_RotateNormals_TS.uasset" 731
"../../../Engine/Plugins/Interchange/Assets/Content/gltf/MaterialFunctions/MF_RotateNormals_TS.uexp" 732
"../../../Engine/Plugins/Interchange/Assets/Content/gltf/MaterialFunctions/MF_ScaleNormal.uasset" 733
"../../../Engine/Plugins/Interchange/Assets/Content/gltf/MaterialFunctions/MF_ScaleNormal.uexp" 734
"../../../Engine/Plugins/Interchange/Assets/Content/gltf/Textures/T_Generic_N.uasset" 735
"../../../Engine/Plugins/Interchange/Assets/Content/gltf/Textures/T_Generic_N.uexp" 736
"../../../Engine/Plugins/Interchange/Assets/Content/gltf/MaterialFunctions/MF_Normals.uasset" 737
"../../../Engine/Plugins/Interchange/Assets/Content/gltf/MaterialFunctions/MF_Normals.uexp" 738
"../../../Engine/Plugins/Interchange/Assets/Content/gltf/MaterialFunctions/MF_Occlusion.uasset" 739
"../../../Engine/Plugins/Interchange/Assets/Content/gltf/MaterialFunctions/MF_Occlusion.uexp" 740
"../../../Engine/Plugins/Interchange/Assets/Content/gltf/MaterialFunctions/MF_Specular.uasset" 741
"../../../Engine/Plugins/Interchange/Assets/Content/gltf/MaterialFunctions/MF_Specular.uexp" 742
"../../../Engine/Plugins/Interchange/Assets/Content/gltf/Textures/T_Anisotropy_Direction_Linear.uasset" 743
"../../../Engine/Plugins/Interchange/Assets/Content/gltf/Textures/T_Anisotropy_Direction_Linear.uexp" 744
"../../../Engine/Plugins/Interchange/Assets/Content/gltf/MaterialFunctions/MF_SpecularAnisotropy.uasset" 745
"../../../Engine/Plugins/Interchange/Assets/Content/gltf/MaterialFunctions/MF_SpecularAnisotropy.uexp" 746
"../../../Engine/Plugins/Interchange/Assets/Content/gltf/MaterialFunctions/MF_Emissive.uasset" 747
"../../../Engine/Plugins/Interchange/Assets/Content/gltf/MaterialFunctions/MF_Emissive.uexp" 748
"../../../Engine/Plugins/Interchange/Assets/Content/gltf/MaterialFunctions/MF_Clearcoat.uasset" 749
"../../../Engine/Plugins/Interchange/Assets/Content/gltf/MaterialFunctions/MF_Clearcoat.uexp" 750
"../../../Engine/Plugins/Interchange/Assets/Content/gltf/MaterialBodies/MF_ClearCoat_Body.uasset" 751
"../../../Engine/Plugins/Interchange/Assets/Content/gltf/MaterialBodies/MF_ClearCoat_Body.uexp" 752
"../../../Engine/Plugins/Interchange/Assets/Content/gltf/M_ClearCoat.uasset" 753
"../../../Engine/Plugins/Interchange/Assets/Content/gltf/M_ClearCoat.uexp" 754
"../../../Engine/Plugins/Interchange/Assets/Content/gltf/MaterialInstances/MI_ClearCoat_Blend.uasset" 755
"../../../Engine/Plugins/Interchange/Assets/Content/gltf/MaterialInstances/MI_ClearCoat_Blend.uexp" 756
"../../../Engine/Plugins/Interchange/Assets/Content/gltf/MaterialInstances/MI_ClearCoat_Blend_DS.uasset" 757
"../../../Engine/Plugins/Interchange/Assets/Content/gltf/MaterialInstances/MI_ClearCoat_Blend_DS.uexp" 758
"../../../Engine/Plugins/Interchange/Assets/Content/gltf/MaterialInstances/MI_ClearCoat_Mask.uasset" 759
"../../../Engine/Plugins/Interchange/Assets/Content/gltf/MaterialInstances/MI_ClearCoat_Mask.uexp" 760
"../../../Engine/Plugins/Interchange/Assets/Content/gltf/MaterialInstances/MI_ClearCoat_Mask_DS.uasset" 761
"../../../Engine/Plugins/Interchange/Assets/Content/gltf/MaterialInstances/MI_ClearCoat_Mask_DS.uexp" 762
"../../../Engine/Plugins/Interchange/Assets/Content/gltf/MaterialInstances/MI_ClearCoat_Opaque.uasset" 763
"../../../Engine/Plugins/Interchange/Assets/Content/gltf/MaterialInstances/MI_ClearCoat_Opaque.uexp" 764
"../../../Engine/Plugins/Interchange/Assets/Content/gltf/MaterialInstances/MI_ClearCoat_Opaque_DS.uasset" 765
"../../../Engine/Plugins/Interchange/Assets/Content/gltf/MaterialInstances/MI_ClearCoat_Opaque_DS.uexp" 766
"../../../Engine/Plugins/Interchange/Assets/Content/gltf/MaterialBodies/MF_Default_Body.uasset" 767
"../../../Engine/Plugins/Interchange/Assets/Content/gltf/MaterialBodies/MF_Default_Body.uexp" 768
"../../../Engine/Plugins/Interchange/Assets/Content/gltf/M_Default.uasset" 769
"../../../Engine/Plugins/Interchange/Assets/Content/gltf/M_Default.uexp" 770
"../../../Engine/Plugins/Interchange/Assets/Content/gltf/MaterialInstances/MI_Default_Blend.uasset" 771
"../../../Engine/Plugins/Interchange/Assets/Content/gltf/MaterialInstances/MI_Default_Blend.uexp" 772
"../../../Engine/Plugins/Interchange/Assets/Content/gltf/MaterialInstances/MI_Default_Blend_DS.uasset" 773
"../../../Engine/Plugins/Interchange/Assets/Content/gltf/MaterialInstances/MI_Default_Blend_DS.uexp" 774
"../../../Engine/Plugins/Interchange/Assets/Content/gltf/MaterialInstances/MI_Default_Mask.uasset" 775
"../../../Engine/Plugins/Interchange/Assets/Content/gltf/MaterialInstances/MI_Default_Mask.uexp" 776
"../../../Engine/Plugins/Interchange/Assets/Content/gltf/MaterialInstances/MI_Default_Mask_DS.uasset" 777
"../../../Engine/Plugins/Interchange/Assets/Content/gltf/MaterialInstances/MI_Default_Mask_DS.uexp" 778
"../../../Engine/Plugins/Interchange/Assets/Content/gltf/MaterialInstances/MI_Default_Opaque.uasset" 779
"../../../Engine/Plugins/Interchange/Assets/Content/gltf/MaterialInstances/MI_Default_Opaque.uexp" 780
"../../../Engine/Plugins/Interchange/Assets/Content/gltf/MaterialInstances/MI_Default_Opaque_DS.uasset" 781
"../../../Engine/Plugins/Interchange/Assets/Content/gltf/MaterialInstances/MI_Default_Opaque_DS.uexp" 782
"../../../Engine/Plugins/Interchange/Assets/Content/gltf/MaterialFunctions/MF_Sheen.uasset" 783
"../../../Engine/Plugins/Interchange/Assets/Content/gltf/MaterialFunctions/MF_Sheen.uexp" 784
"../../../Engine/Plugins/Interchange/Assets/Content/gltf/MaterialBodies/MF_Sheen_Body.uasset" 785
"../../../Engine/Plugins/Interchange/Assets/Content/gltf/MaterialBodies/MF_Sheen_Body.uexp" 786
"../../../Engine/Plugins/Interchange/Assets/Content/gltf/M_Sheen.uasset" 787
"../../../Engine/Plugins/Interchange/Assets/Content/gltf/M_Sheen.uexp" 788
"../../../Engine/Plugins/Interchange/Assets/Content/gltf/MaterialInstances/MI_Sheen_Blend.uasset" 789
"../../../Engine/Plugins/Interchange/Assets/Content/gltf/MaterialInstances/MI_Sheen_Blend.uexp" 790
"../../../Engine/Plugins/Interchange/Assets/Content/gltf/MaterialInstances/MI_Sheen_Blend_DS.uasset" 791
"../../../Engine/Plugins/Interchange/Assets/Content/gltf/MaterialInstances/MI_Sheen_Blend_DS.uexp" 792
"../../../Engine/Plugins/Interchange/Assets/Content/gltf/MaterialInstances/MI_Sheen_Mask.uasset" 793
"../../../Engine/Plugins/Interchange/Assets/Content/gltf/MaterialInstances/MI_Sheen_Mask.uexp" 794
"../../../Engine/Plugins/Interchange/Assets/Content/gltf/MaterialInstances/MI_Sheen_Mask_DS.uasset" 795
"../../../Engine/Plugins/Interchange/Assets/Content/gltf/MaterialInstances/MI_Sheen_Mask_DS.uexp" 796
"../../../Engine/Plugins/Interchange/Assets/Content/gltf/MaterialInstances/MI_Sheen_Opaque.uasset" 797
"../../../Engine/Plugins/Interchange/Assets/Content/gltf/MaterialInstances/MI_Sheen_Opaque.uexp" 798
"../../../Engine/Plugins/Interchange/Assets/Content/gltf/MaterialInstances/MI_Sheen_Opaque_DS.uasset" 799
"../../../Engine/Plugins/Interchange/Assets/Content/gltf/MaterialInstances/MI_Sheen_Opaque_DS.uexp" 800
"../../../Engine/Content/Functions/Engine_MaterialFunctions02/Math/AddComponents.uasset" 801
"../../../Engine/Content/Functions/Engine_MaterialFunctions02/Math/AddComponents.uexp" 802
"../../../Engine/Plugins/Interchange/Assets/Content/gltf/MaterialFunctions/MF_DiffuseSpecGloss.uasset" 803
"../../../Engine/Plugins/Interchange/Assets/Content/gltf/MaterialFunctions/MF_DiffuseSpecGloss.uexp" 804
"../../../Engine/Plugins/Interchange/Assets/Content/gltf/MaterialFunctions/MF_MaxComponentValue.uasset" 805
"../../../Engine/Plugins/Interchange/Assets/Content/gltf/MaterialFunctions/MF_MaxComponentValue.uexp" 806
"../../../Engine/Plugins/Interchange/Assets/Content/gltf/MaterialFunctions/MF_PerceivedBrightness.uasset" 807
"../../../Engine/Plugins/Interchange/Assets/Content/gltf/MaterialFunctions/MF_PerceivedBrightness.uexp" 808
"../../../Engine/Plugins/Interchange/Assets/Content/gltf/MaterialFunctions/MF_SpecGlossToMetalRoughness.uasset" 809
"../../../Engine/Plugins/Interchange/Assets/Content/gltf/MaterialFunctions/MF_SpecGlossToMetalRoughness.uexp" 810
"../../../Engine/Plugins/Interchange/Assets/Content/gltf/MaterialBodies/MF_SpecularGlossiness_Body.uasset" 811
"../../../Engine/Plugins/Interchange/Assets/Content/gltf/MaterialBodies/MF_SpecularGlossiness_Body.uexp" 812
"../../../Engine/Plugins/Interchange/Assets/Content/gltf/M_SpecularGlossiness.uasset" 813
"../../../Engine/Plugins/Interchange/Assets/Content/gltf/M_SpecularGlossiness.uexp" 814
"../../../Engine/Plugins/Interchange/Assets/Content/gltf/MaterialInstances/MI_SpecularGlossiness_Blend.uasset" 815
"../../../Engine/Plugins/Interchange/Assets/Content/gltf/MaterialInstances/MI_SpecularGlossiness_Blend.uexp" 816
"../../../Engine/Plugins/Interchange/Assets/Content/gltf/MaterialInstances/MI_SpecularGlossiness_Blend_DS.uasset" 817
"../../../Engine/Plugins/Interchange/Assets/Content/gltf/MaterialInstances/MI_SpecularGlossiness_Blend_DS.uexp" 818
"../../../Engine/Plugins/Interchange/Assets/Content/gltf/MaterialInstances/MI_SpecularGlossiness_Mask.uasset" 819
"../../../Engine/Plugins/Interchange/Assets/Content/gltf/MaterialInstances/MI_SpecularGlossiness_Mask.uexp" 820
"../../../Engine/Plugins/Interchange/Assets/Content/gltf/MaterialInstances/MI_SpecularGlossiness_Mask_DS.uasset" 821
"../../../Engine/Plugins/Interchange/Assets/Content/gltf/MaterialInstances/MI_SpecularGlossiness_Mask_DS.uexp" 822
"../../../Engine/Plugins/Interchange/Assets/Content/gltf/MaterialInstances/MI_SpecularGlossiness_Opaque.uasset" 823
"../../../Engine/Plugins/Interchange/Assets/Content/gltf/MaterialInstances/MI_SpecularGlossiness_Opaque.uexp" 824
"../../../Engine/Plugins/Interchange/Assets/Content/gltf/MaterialInstances/MI_SpecularGlossiness_Opaque_DS.uasset" 825
"../../../Engine/Plugins/Interchange/Assets/Content/gltf/MaterialInstances/MI_SpecularGlossiness_Opaque_DS.uexp" 826
"../../../Engine/Content/EngineMaterials/Good64x64TilingNoiseHighFreq.uasset" 827
"../../../Engine/Content/EngineMaterials/Good64x64TilingNoiseHighFreq.uexp" 828
"../../../Engine/Content/Functions/Engine_MaterialFunctions02/Texturing/ScreenAlignedPixelToPixelUVs.uasset" 829
"../../../Engine/Content/Functions/Engine_MaterialFunctions02/Texturing/ScreenAlignedPixelToPixelUVs.uexp" 830
"../../../Engine/Plugins/Interchange/Assets/Content/gltf/MaterialFunctions/MF_Fresnel_DS.uasset" 831
"../../../Engine/Plugins/Interchange/Assets/Content/gltf/MaterialFunctions/MF_Fresnel_DS.uexp" 832
"../../../Engine/Plugins/Interchange/Assets/Content/gltf/MaterialFunctions/MF_Temporal_Blur.uasset" 833
"../../../Engine/Plugins/Interchange/Assets/Content/gltf/MaterialFunctions/MF_Temporal_Blur.uexp" 834
"../../../Engine/Plugins/Interchange/Assets/Content/gltf/MaterialFunctions/MF_Transmission.uasset" 835
"../../../Engine/Plugins/Interchange/Assets/Content/gltf/MaterialFunctions/MF_Transmission.uexp" 836
"../../../Engine/Plugins/Interchange/Assets/Content/gltf/MaterialBodies/MF_Transmission_Body.uasset" 837
"../../../Engine/Plugins/Interchange/Assets/Content/gltf/MaterialBodies/MF_Transmission_Body.uexp" 838
"../../../Engine/Plugins/Interchange/Assets/Content/gltf/M_Transmission.uasset" 839
"../../../Engine/Plugins/Interchange/Assets/Content/gltf/M_Transmission.uexp" 840
"../../../Engine/Plugins/Interchange/Assets/Content/gltf/MaterialInstances/MI_Transmission.uasset" 841
"../../../Engine/Plugins/Interchange/Assets/Content/gltf/MaterialInstances/MI_Transmission.uexp" 842
"../../../Engine/Plugins/Interchange/Assets/Content/gltf/MaterialInstances/MI_Transmission_DS.uasset" 843
"../../../Engine/Plugins/Interchange/Assets/Content/gltf/MaterialInstances/MI_Transmission_DS.uexp" 844
"../../../Engine/Plugins/Interchange/Assets/Content/gltf/MaterialBodies/MF_Unlit_Body.uasset" 845
"../../../Engine/Plugins/Interchange/Assets/Content/gltf/MaterialBodies/MF_Unlit_Body.uexp" 846
"../../../Engine/Plugins/Interchange/Assets/Content/gltf/M_Unlit.uasset" 847
"../../../Engine/Plugins/Interchange/Assets/Content/gltf/M_Unlit.uexp" 848
"../../../Engine/Plugins/Interchange/Assets/Content/gltf/MaterialInstances/MI_Unlit_Blend.uasset" 849
"../../../Engine/Plugins/Interchange/Assets/Content/gltf/MaterialInstances/MI_Unlit_Blend.uexp" 850
"../../../Engine/Plugins/Interchange/Assets/Content/gltf/MaterialInstances/MI_Unlit_Blend_DS.uasset" 851
"../../../Engine/Plugins/Interchange/Assets/Content/gltf/MaterialInstances/MI_Unlit_Blend_DS.uexp" 852
"../../../Engine/Plugins/Interchange/Assets/Content/gltf/MaterialInstances/MI_Unlit_Mask.uasset" 853
"../../../Engine/Plugins/Interchange/Assets/Content/gltf/MaterialInstances/MI_Unlit_Mask.uexp" 854
"../../../Engine/Plugins/Interchange/Assets/Content/gltf/MaterialInstances/MI_Unlit_Mask_DS.uasset" 855
"../../../Engine/Plugins/Interchange/Assets/Content/gltf/MaterialInstances/MI_Unlit_Mask_DS.uexp" 856
"../../../Engine/Plugins/Interchange/Assets/Content/gltf/MaterialInstances/MI_Unlit_Opaque.uasset" 857
"../../../Engine/Plugins/Interchange/Assets/Content/gltf/MaterialInstances/MI_Unlit_Opaque.uexp" 858
"../../../Engine/Plugins/Interchange/Assets/Content/gltf/MaterialInstances/MI_Unlit_Opaque_DS.uasset" 859
"../../../Engine/Plugins/Interchange/Assets/Content/gltf/MaterialInstances/MI_Unlit_Opaque_DS.uexp" 860
"D:/Unreal Projects/AirCommandAlpha/Content/Materials/Base_Colors/M_00BaseTranslucentColor.uasset" 861
"D:/Unreal Projects/AirCommandAlpha/Content/Materials/Base_Colors/M_00BaseTranslucentColor.uexp" 862
"D:/Unreal Projects/AirCommandAlpha/Content/Materials/Base_Colors/M_06RedBombZone.uasset" 863
"D:/Unreal Projects/AirCommandAlpha/Content/Materials/Base_Colors/M_06RedBombZone.uexp" 864
"../../../Engine/Content/EngineResources/WhiteSquareTexture.uasset" 865
"../../../Engine/Content/EngineResources/WhiteSquareTexture.uexp" 866
"../../../Engine/Content/EngineMaterials/Widget3DPassThrough.uasset" 867
"../../../Engine/Content/EngineMaterials/Widget3DPassThrough.uexp" 868
"../../../Engine/Content/EngineMaterials/Widget3DPassThrough_Masked.uasset" 869
"../../../Engine/Content/EngineMaterials/Widget3DPassThrough_Masked.uexp" 870
"../../../Engine/Content/EngineMaterials/Widget3DPassThrough_Opaque.uasset" 871
"../../../Engine/Content/EngineMaterials/Widget3DPassThrough_Opaque.uexp" 872
"../../../Engine/Content/EngineMaterials/Widget3DPassThrough_Masked_OneSided.uasset" 873
"../../../Engine/Content/EngineMaterials/Widget3DPassThrough_Masked_OneSided.uexp" 874
"../../../Engine/Content/EngineMaterials/Widget3DPassThrough_Opaque_OneSided.uasset" 875
"../../../Engine/Content/EngineMaterials/Widget3DPassThrough_Opaque_OneSided.uexp" 876
"../../../Engine/Content/EngineMaterials/Widget3DPassThrough_Translucent.uasset" 877
"../../../Engine/Content/EngineMaterials/Widget3DPassThrough_Translucent.uexp" 878
"../../../Engine/Content/EngineMaterials/Widget3DPassThrough_Translucent_OneSided.uasset" 879
"../../../Engine/Content/EngineMaterials/Widget3DPassThrough_Translucent_OneSided.uexp" 880
"../../../Engine/Content/EditorLandscapeResources/ColorMaskBrushMaterial.uasset" 881
"../../../Engine/Content/EditorLandscapeResources/ColorMaskBrushMaterial.uexp" 882
"../../../Engine/Content/EditorLandscapeResources/ColorMaskBrushMaterial_MaskedRegion.uasset" 883
"../../../Engine/Content/EditorLandscapeResources/ColorMaskBrushMaterial_MaskedRegion.uexp" 884
"../../../Engine/Content/Functions/Engine_MaterialFunctions03/Math/WithinRangeFloat2.uasset" 885
"../../../Engine/Content/Functions/Engine_MaterialFunctions03/Math/WithinRangeFloat2.uexp" 886
"../../../Engine/Content/EditorLandscapeResources/MaskBrushMaterial.uasset" 887
"../../../Engine/Content/EditorLandscapeResources/MaskBrushMaterial.uexp" 888
"../../../Engine/Content/EditorLandscapeResources/MaskBrushMaterial_MaskedRegion.uasset" 889
"../../../Engine/Content/EditorLandscapeResources/MaskBrushMaterial_MaskedRegion.uexp" 890
"../../../Engine/Content/EditorLandscapeResources/SelectBrushMaterial.uasset" 891
"../../../Engine/Content/EditorLandscapeResources/SelectBrushMaterial.uexp" 892
"../../../Engine/Content/EditorLandscapeResources/SelectBrushMaterial_Selected.uasset" 893
"../../../Engine/Content/EditorLandscapeResources/SelectBrushMaterial_Selected.uexp" 894
"../../../Engine/Content/EditorLandscapeResources/SelectBrushMaterial_SelectedRegion.uasset" 895
"../../../Engine/Content/EditorLandscapeResources/SelectBrushMaterial_SelectedRegion.uexp" 896
"../../../Engine/Plugins/NNE/NNEDenoiser/Content/NNE_oidn2-3-0_rt_hdr_alb_nrm_small__dyn__fp16_opset11_DenoiseAlpha.uasset" 897
"../../../Engine/Plugins/NNE/NNEDenoiser/Content/NNE_oidn2-3-0_rt_hdr_alb_nrm_small__dyn__fp16_opset11_DenoiseAlpha.uexp" 898
"../../../Engine/Plugins/NNE/NNEDenoiser/Content/NNE_oidn2-3-0_rt_hdr_alb_nrm_small__dyn__fp16_opset11_ForwardAlpha.uasset" 899
"../../../Engine/Plugins/NNE/NNEDenoiser/Content/NNE_oidn2-3-0_rt_hdr_alb_nrm_small__dyn__fp16_opset11_ForwardAlpha.uexp" 900
"../../../Engine/Plugins/NNE/NNEDenoiser/Content/NNE_oidn2-3-0_rt_hdr_alb_nrm__dyn__fp16_opset11_DenoiseAlpha.uasset" 901
"../../../Engine/Plugins/NNE/NNEDenoiser/Content/NNE_oidn2-3-0_rt_hdr_alb_nrm__dyn__fp16_opset11_DenoiseAlpha.uexp" 902
"../../../Engine/Plugins/NNE/NNEDenoiser/Content/NNE_oidn2-3-0_rt_hdr_alb_nrm__dyn__fp16_opset11_ForwardAlpha.uasset" 903
"../../../Engine/Plugins/NNE/NNEDenoiser/Content/NNE_oidn2-3-0_rt_hdr_alb_nrm__dyn__fp16_opset11_ForwardAlpha.uexp" 904
"../../../Engine/Plugins/NNE/NNEDenoiser/Content/NNE_oidn2-3-0_rt_hdr_calb_cnrm_large__dyn__fp16_opset11_DenoiseAlpha.uasset" 905
"../../../Engine/Plugins/NNE/NNEDenoiser/Content/NNE_oidn2-3-0_rt_hdr_calb_cnrm_large__dyn__fp16_opset11_DenoiseAlpha.uexp" 906
"../../../Engine/Plugins/NNE/NNEDenoiser/Content/NNE_oidn2-3-0_rt_hdr_calb_cnrm_large__dyn__fp16_opset11_ForwardAlpha.uasset" 907
"../../../Engine/Plugins/NNE/NNEDenoiser/Content/NNE_oidn2-3-0_rt_hdr_calb_cnrm_large__dyn__fp16_opset11_ForwardAlpha.uexp" 908
"../../../Engine/Plugins/2D/Paper2D/Content/DefaultSpriteMaterial.uasset" 909
"../../../Engine/Plugins/2D/Paper2D/Content/DefaultSpriteMaterial.uexp" 910
"../../../Engine/Plugins/2D/Paper2D/Content/MaskedUnlitSpriteMaterial.uasset" 911
"../../../Engine/Plugins/2D/Paper2D/Content/MaskedUnlitSpriteMaterial.uexp" 912
"../../../Engine/Plugins/2D/Paper2D/Content/OpaqueUnlitSpriteMaterial.uasset" 913
"../../../Engine/Plugins/2D/Paper2D/Content/OpaqueUnlitSpriteMaterial.uexp" 914
"../../../Engine/Content/VREditor/Sounds/UI/Drop_Item_From_ContentBrowser.ubulk" 915
"../../../Engine/Content/VREditor/Sounds/UI/Drop_Item_From_ContentBrowser.uasset" 916
"../../../Engine/Content/VREditor/Sounds/UI/Drop_Item_From_ContentBrowser.uexp" 917
"../../../Engine/Content/VREditor/TransformGizmo/TransformGizmoMaterial_Inst.uasset" 918
"../../../Engine/Content/VREditor/TransformGizmo/TransformGizmoMaterial_Inst.uexp" 919
"../../../Engine/Content/VREditor/TransformGizmo/TranslucentTransformGizmoMaterial_Inst.uasset" 920
"../../../Engine/Content/VREditor/TransformGizmo/TranslucentTransformGizmoMaterial_Inst.uexp" 921
"../../../Engine/Content/Functions/Engine_MaterialFunctions02/SplitComponents.uasset" 922
"../../../Engine/Content/Functions/Engine_MaterialFunctions02/SplitComponents.uexp" 923
"../../../Engine/Content/VREditor/SnapGrid/SnapGridMaterial.uasset" 924
"../../../Engine/Content/VREditor/SnapGrid/SnapGridMaterial.uexp" 925
"../../../Engine/Content/VREditor/SnapGrid/SnapGridPlaneMesh.ubulk" 926
"../../../Engine/Content/VREditor/SnapGrid/SnapGridPlaneMesh.uasset" 927
"../../../Engine/Content/VREditor/SnapGrid/SnapGridPlaneMesh.uexp" 928
"../../../Engine/Content/VREditor/Sounds/UI/Gizmo_Handle_Clicked.ubulk" 929
"../../../Engine/Content/VREditor/Sounds/UI/Gizmo_Handle_Clicked.uasset" 930
"../../../Engine/Content/VREditor/Sounds/UI/Gizmo_Handle_Clicked.uexp" 931
"../../../Engine/Content/VREditor/Sounds/UI/Object_PickUp.ubulk" 932
"../../../Engine/Content/VREditor/Sounds/UI/Object_PickUp.uasset" 933
"../../../Engine/Content/VREditor/Sounds/UI/Object_PickUp.uexp" 934
"../../../Engine/Content/VREditor/Sounds/UI/Object_Snaps_To_Another_Actor.ubulk" 935
"../../../Engine/Content/VREditor/Sounds/UI/Object_Snaps_To_Another_Actor.uasset" 936
"../../../Engine/Content/VREditor/Sounds/UI/Object_Snaps_To_Another_Actor.uexp" 937
"../../../Engine/Content/VREditor/Sounds/UI/Object_Snaps_To_Grid.ubulk" 938
"../../../Engine/Content/VREditor/Sounds/UI/Object_Snaps_To_Grid.uasset" 939
"../../../Engine/Content/VREditor/Sounds/UI/Object_Snaps_To_Grid.uexp" 940
"../../../Engine/Content/VREditor/Sounds/UI/Scaling_Down.ubulk" 941
"../../../Engine/Content/VREditor/Sounds/UI/Scaling_Down.uasset" 942
"../../../Engine/Content/VREditor/Sounds/UI/Scaling_Down.uexp" 943
"../../../Engine/Content/VREditor/Sounds/UI/Scaling_Up.ubulk" 944
"../../../Engine/Content/VREditor/Sounds/UI/Scaling_Up.uasset" 945
"../../../Engine/Content/VREditor/Sounds/UI/Scaling_Up.uexp" 946
"../../../Engine/Content/VREditor/Sounds/UI/Selection_Changes.ubulk" 947
"../../../Engine/Content/VREditor/Sounds/UI/Selection_Changes.uasset" 948
"../../../Engine/Content/VREditor/Sounds/UI/Selection_Changes.uexp" 949
"../../../Engine/Content/VREditor/TransformGizmo/PlaneTranslationHandle.ubulk" 950
"../../../Engine/Content/VREditor/TransformGizmo/PlaneTranslationHandle.uasset" 951
"../../../Engine/Content/VREditor/TransformGizmo/PlaneTranslationHandle.uexp" 952
"../../../Engine/Content/VREditor/TransformGizmo/RotationHandleFull.ubulk" 953
"../../../Engine/Content/VREditor/TransformGizmo/RotationHandleFull.uasset" 954
"../../../Engine/Content/VREditor/TransformGizmo/RotationHandleFull.uexp" 955
"../../../Engine/Content/VREditor/TransformGizmo/RotationHandleIndicator.ubulk" 956
"../../../Engine/Content/VREditor/TransformGizmo/RotationHandleIndicator.uasset" 957
"../../../Engine/Content/VREditor/TransformGizmo/RotationHandleIndicator.uexp" 958
"../../../Engine/Content/VREditor/TransformGizmo/RotationHandleQuarter.ubulk" 959
"../../../Engine/Content/VREditor/TransformGizmo/RotationHandleQuarter.uasset" 960
"../../../Engine/Content/VREditor/TransformGizmo/RotationHandleQuarter.uexp" 961
"../../../Engine/Content/VREditor/TransformGizmo/StartRotationHandleIndicator.ubulk" 962
"../../../Engine/Content/VREditor/TransformGizmo/StartRotationHandleIndicator.uasset" 963
"../../../Engine/Content/VREditor/TransformGizmo/StartRotationHandleIndicator.uexp" 964
"../../../Engine/Content/VREditor/TransformGizmo/TransformGizmoFreeRotation.ubulk" 965
"../../../Engine/Content/VREditor/TransformGizmo/TransformGizmoFreeRotation.uasset" 966
"../../../Engine/Content/VREditor/TransformGizmo/TransformGizmoFreeRotation.uexp" 967
"../../../Engine/Content/VREditor/TransformGizmo/TranslateArrowHandle.ubulk" 968
"../../../Engine/Content/VREditor/TransformGizmo/TranslateArrowHandle.uasset" 969
"../../../Engine/Content/VREditor/TransformGizmo/TranslateArrowHandle.uexp" 970
"../../../Engine/Content/VREditor/TransformGizmo/UniformScaleHandle.ubulk" 971
"../../../Engine/Content/VREditor/TransformGizmo/UniformScaleHandle.uasset" 972
"../../../Engine/Content/VREditor/TransformGizmo/UniformScaleHandle.uexp" 973
"../../../Engine/Plugins/Animation/DeformerGraph/Content/DeformerFunctions/DG_Function_LinearBlendSkin_Morph_Cloth.uasset" 974
"../../../Engine/Plugins/Animation/DeformerGraph/Content/DeformerFunctions/DG_Function_LinearBlendSkin_Morph_Cloth.uexp" 975
"../../../Engine/Plugins/Animation/DeformerGraph/Content/Deformers/DG_LinearBlendSkin_Morph_Cloth.uasset" 976
"../../../Engine/Plugins/Animation/DeformerGraph/Content/Deformers/DG_LinearBlendSkin_Morph_Cloth.uexp" 977
"../../../Engine/Plugins/Animation/DeformerGraph/Content/DeformerFunctions/DG_Function_LinearBlendSkin_Morph_Cloth_PositionOnly.uasset" 978
"../../../Engine/Plugins/Animation/DeformerGraph/Content/DeformerFunctions/DG_Function_LinearBlendSkin_Morph_Cloth_PositionOnly.uexp" 979
"../../../Engine/Plugins/Animation/DeformerGraph/Content/DeformerFunctions/DG_Function_ComputeNormalsTangents.uasset" 980
"../../../Engine/Plugins/Animation/DeformerGraph/Content/DeformerFunctions/DG_Function_ComputeNormalsTangents.uexp" 981
"../../../Engine/Plugins/Animation/DeformerGraph/Content/Deformers/DG_LinearBlendSkin_Morph_Cloth_RecomputeNormals.uasset" 982
"../../../Engine/Plugins/Animation/DeformerGraph/Content/Deformers/DG_LinearBlendSkin_Morph_Cloth_RecomputeNormals.uexp" 983
"../../../Engine/Content/EngineResources/LandscapeVisibilityLayerInfo.uasset" 984
"../../../Engine/Content/EngineResources/LandscapeVisibilityLayerInfo.uexp" 985
"../../../Engine/Plugins/NNE/NNEDenoiser/Content/NNEDT_Oidn2-3_Balanced.uasset" 986
"../../../Engine/Plugins/NNE/NNEDenoiser/Content/NNEDT_Oidn2-3_Balanced.uexp" 987
"../../../Engine/Plugins/NNE/NNEDenoiser/Content/NNEDT_Oidn2-3_Balanced_Alpha.uasset" 988
"../../../Engine/Plugins/NNE/NNEDenoiser/Content/NNEDT_Oidn2-3_Balanced_Alpha.uexp" 989
"../../../Engine/Plugins/NNE/NNEDenoiser/Content/NNED_Oidn2-3_Balanced.uasset" 990
"../../../Engine/Plugins/NNE/NNEDenoiser/Content/NNED_Oidn2-3_Balanced.uexp" 991
"../../../Engine/Plugins/NNE/NNEDenoiser/Content/NNED_Oidn2-3_Balanced_Alpha.uasset" 992
"../../../Engine/Plugins/NNE/NNEDenoiser/Content/NNED_Oidn2-3_Balanced_Alpha.uexp" 993
"../../../Engine/Plugins/NNE/NNEDenoiser/Content/NNED_Oidn2-3_Fast.uasset" 994
"../../../Engine/Plugins/NNE/NNEDenoiser/Content/NNED_Oidn2-3_Fast.uexp" 995
"../../../Engine/Plugins/NNE/NNEDenoiser/Content/NNED_Oidn2-3_Fast_Alpha.uasset" 996
"../../../Engine/Plugins/NNE/NNEDenoiser/Content/NNED_Oidn2-3_Fast_Alpha.uexp" 997
"../../../Engine/Plugins/NNE/NNEDenoiser/Content/NNED_Oidn2-3_HighQuality.uasset" 998
"../../../Engine/Plugins/NNE/NNEDenoiser/Content/NNED_Oidn2-3_HighQuality.uexp" 999
"../../../Engine/Plugins/NNE/NNEDenoiser/Content/NNED_Oidn2-3_HighQuality_Alpha.uasset" 1000
"../../../Engine/Plugins/NNE/NNEDenoiser/Content/NNED_Oidn2-3_HighQuality_Alpha.uexp" 1001
"../../../Engine/Content/Maps/Entry_BuiltData.uasset" 1002
"../../../Engine/Content/Maps/Entry_BuiltData.uexp" 1003
"../../../Engine/Content/Maps/Entry.uexp" 1004
"../../../Engine/Content/Maps/Entry.umap" 1005
"../../../Engine/Content/BasicShapes/Cube.ubulk" 1006
"../../../Engine/Content/BasicShapes/Cube.uasset" 1007
"../../../Engine/Content/BasicShapes/Cube.uexp" 1008
"../../../Engine/Content/BasicShapes/BasicShapeMaterial.uasset" 1009
"../../../Engine/Content/BasicShapes/BasicShapeMaterial.uexp" 1010
"D:/Unreal Projects/AirCommandAlpha/Content/UltimateMenu/Blueprints/Data/Structure/SaveGame/Struct_SaveSlot.uasset" 1011
"D:/Unreal Projects/AirCommandAlpha/Content/UltimateMenu/Blueprints/Data/Structure/SaveGame/Struct_SaveSlot.uexp" 1012
"D:/Unreal Projects/AirCommandAlpha/Content/UltimateMenu/Blueprints/Data/Structure/SaveGame/Struct_SavedGameInfo.uasset" 1013
"D:/Unreal Projects/AirCommandAlpha/Content/UltimateMenu/Blueprints/Data/Structure/SaveGame/Struct_SavedGameInfo.uexp" 1014
"D:/Unreal Projects/AirCommandAlpha/Content/UltimateMenu/Blueprints/Data/Structure/SavedSettings/Struct_VideoSave.uasset" 1015
"D:/Unreal Projects/AirCommandAlpha/Content/UltimateMenu/Blueprints/Data/Structure/SavedSettings/Struct_VideoSave.uexp" 1016
"D:/Unreal Projects/AirCommandAlpha/Content/UltimateMenu/Blueprints/Data/Structure/SavedSettings/Struct_AudioSave.uasset" 1017
"D:/Unreal Projects/AirCommandAlpha/Content/UltimateMenu/Blueprints/Data/Structure/SavedSettings/Struct_AudioSave.uexp" 1018
"D:/Unreal Projects/AirCommandAlpha/Content/UltimateMenu/Blueprints/Data/Structure/SavedSettings/Struct_SettingsSave.uasset" 1019
"D:/Unreal Projects/AirCommandAlpha/Content/UltimateMenu/Blueprints/Data/Structure/SavedSettings/Struct_SettingsSave.uexp" 1020
"D:/Unreal Projects/AirCommandAlpha/Content/UltimateMenu/Blueprints/Data/Structure/SavedSettings/Struct_MouseSave.uasset" 1021
"D:/Unreal Projects/AirCommandAlpha/Content/UltimateMenu/Blueprints/Data/Structure/SavedSettings/Struct_MouseSave.uexp" 1022
"D:/Unreal Projects/AirCommandAlpha/Content/UltimateMenu/Blueprints/Data/Structure/SavedSettings/Struct_GameplaySettingsSave.uasset" 1023
"D:/Unreal Projects/AirCommandAlpha/Content/UltimateMenu/Blueprints/Data/Structure/SavedSettings/Struct_GameplaySettingsSave.uexp" 1024
"D:/Unreal Projects/AirCommandAlpha/Content/UltimateMenu/Blueprints/Data/Structure/SavedSettings/Struct_GameSave.uasset" 1025
"D:/Unreal Projects/AirCommandAlpha/Content/UltimateMenu/Blueprints/Data/Structure/SavedSettings/Struct_GameSave.uexp" 1026
"D:/Unreal Projects/AirCommandAlpha/Content/UltimateMenu/Blueprints/Data/SaveGames/SaveGame_UltimateMenuSystem.uasset" 1027
"D:/Unreal Projects/AirCommandAlpha/Content/UltimateMenu/Blueprints/Data/SaveGames/SaveGame_UltimateMenuSystem.uexp" 1028
"D:/Unreal Projects/AirCommandAlpha/Content/UltimateMenu/Blueprints/Data/Enums/Enum_NavigationAction.uasset" 1029
"D:/Unreal Projects/AirCommandAlpha/Content/UltimateMenu/Blueprints/Data/Enums/Enum_NavigationAction.uexp" 1030
"D:/Unreal Projects/AirCommandAlpha/Content/UltimateMenu/Blueprints/Data/Enums/Enum_NavigationType.uasset" 1031
"D:/Unreal Projects/AirCommandAlpha/Content/UltimateMenu/Blueprints/Data/Enums/Enum_NavigationType.uexp" 1032
"D:/Unreal Projects/AirCommandAlpha/Content/UltimateMenu/Blueprints/Data/Structure/MenuSystem/Struct_CustomButtonNameArray.uasset" 1033
"D:/Unreal Projects/AirCommandAlpha/Content/UltimateMenu/Blueprints/Data/Structure/MenuSystem/Struct_CustomButtonNameArray.uexp" 1034
"D:/Unreal Projects/AirCommandAlpha/Content/UltimateMenu/Blueprints/Data/Structure/MenuSystem/Struct_NavigationKeyAction.uasset" 1035
"D:/Unreal Projects/AirCommandAlpha/Content/UltimateMenu/Blueprints/Data/Structure/MenuSystem/Struct_NavigationKeyAction.uexp" 1036
"D:/Unreal Projects/AirCommandAlpha/Content/UltimateMenu/Sounds/Classes/SoundClass_MenuMusic.uasset" 1037
"D:/Unreal Projects/AirCommandAlpha/Content/UltimateMenu/Sounds/Classes/SoundClass_MenuMusic.uexp" 1038
"D:/Unreal Projects/AirCommandAlpha/Content/UltimateMenu/Sounds/Classes/SoundClass_InGameMusic.uasset" 1039
"D:/Unreal Projects/AirCommandAlpha/Content/UltimateMenu/Sounds/Classes/SoundClass_InGameMusic.uexp" 1040
"D:/Unreal Projects/AirCommandAlpha/Content/UltimateMenu/Sounds/Classes/SoundClass_Music.uasset" 1041
"D:/Unreal Projects/AirCommandAlpha/Content/UltimateMenu/Sounds/Classes/SoundClass_Music.uexp" 1042
"D:/Unreal Projects/AirCommandAlpha/Content/UltimateMenu/Sounds/Classes/SoundClass_SoundEffects.uasset" 1043
"D:/Unreal Projects/AirCommandAlpha/Content/UltimateMenu/Sounds/Classes/SoundClass_SoundEffects.uexp" 1044
"D:/Unreal Projects/AirCommandAlpha/Content/UltimateMenu/Sounds/Classes/SoundClass_Master.uasset" 1045
"D:/Unreal Projects/AirCommandAlpha/Content/UltimateMenu/Sounds/Classes/SoundClass_Master.uexp" 1046
"D:/Unreal Projects/AirCommandAlpha/Content/UltimateMenu/Sounds/Classes/SoundClass_UserInterface.uasset" 1047
"D:/Unreal Projects/AirCommandAlpha/Content/UltimateMenu/Sounds/Classes/SoundClass_UserInterface.uexp" 1048
"D:/Unreal Projects/AirCommandAlpha/Content/UltimateMenu/Sounds/Sound_MenuHover.ubulk" 1049
"D:/Unreal Projects/AirCommandAlpha/Content/UltimateMenu/Sounds/Sound_MenuHover.uasset" 1050
"D:/Unreal Projects/AirCommandAlpha/Content/UltimateMenu/Sounds/Sound_MenuHover.uexp" 1051
"D:/Unreal Projects/AirCommandAlpha/Content/UltimateMenu/Sounds/Sound_MenuHover_Cue.uasset" 1052
"D:/Unreal Projects/AirCommandAlpha/Content/UltimateMenu/Sounds/Sound_MenuHover_Cue.uexp" 1053
"D:/Unreal Projects/AirCommandAlpha/Content/UltimateMenu/Sounds/Sound_MenuClick.ubulk" 1054
"D:/Unreal Projects/AirCommandAlpha/Content/UltimateMenu/Sounds/Sound_MenuClick.uasset" 1055
"D:/Unreal Projects/AirCommandAlpha/Content/UltimateMenu/Sounds/Sound_MenuClick.uexp" 1056
"D:/Unreal Projects/AirCommandAlpha/Content/UltimateMenu/Sounds/Sound_MenuClick_Cue.uasset" 1057
"D:/Unreal Projects/AirCommandAlpha/Content/UltimateMenu/Sounds/Sound_MenuClick_Cue.uexp" 1058
"D:/Unreal Projects/AirCommandAlpha/Content/UltimateMenu/Blueprints/Data/Structure/MenuSystem/Struct_GridBtnInnerBorder.uasset" 1059
"D:/Unreal Projects/AirCommandAlpha/Content/UltimateMenu/Blueprints/Data/Structure/MenuSystem/Struct_GridBtnInnerBorder.uexp" 1060
"D:/Unreal Projects/AirCommandAlpha/Content/UltimateMenu/Blueprints/Data/Structure/MenuSystem/Struct_ButtonDecalSettings.uasset" 1061
"D:/Unreal Projects/AirCommandAlpha/Content/UltimateMenu/Blueprints/Data/Structure/MenuSystem/Struct_ButtonDecalSettings.uexp" 1062
"D:/Unreal Projects/AirCommandAlpha/Content/UltimateMenu/Fonts/Roboto/Roboto.uasset" 1063
"D:/Unreal Projects/AirCommandAlpha/Content/UltimateMenu/Fonts/Roboto/Roboto.uexp" 1064
"D:/Unreal Projects/AirCommandAlpha/Content/UltimateMenu/Blueprints/Data/Structure/MenuSystem/Struct_ButtonBGTextSettings.uasset" 1065
"D:/Unreal Projects/AirCommandAlpha/Content/UltimateMenu/Blueprints/Data/Structure/MenuSystem/Struct_ButtonBGTextSettings.uexp" 1066
"D:/Unreal Projects/AirCommandAlpha/Content/UltimateMenu/Blueprints/Data/Structure/MenuSystem/Struct_ButtonTextSettings.uasset" 1067
"D:/Unreal Projects/AirCommandAlpha/Content/UltimateMenu/Blueprints/Data/Structure/MenuSystem/Struct_ButtonTextSettings.uexp" 1068
"D:/Unreal Projects/AirCommandAlpha/Content/UltimateMenu/Blueprints/Data/Structure/MenuSystem/Struct_CustomButtonAppearence.uasset" 1069
"D:/Unreal Projects/AirCommandAlpha/Content/UltimateMenu/Blueprints/Data/Structure/MenuSystem/Struct_CustomButtonAppearence.uexp" 1070
"D:/Unreal Projects/AirCommandAlpha/Content/UltimateMenu/Blueprints/Data/Enums/Enum_WidgetAnimType.uasset" 1071
"D:/Unreal Projects/AirCommandAlpha/Content/UltimateMenu/Blueprints/Data/Enums/Enum_WidgetAnimType.uexp" 1072
"D:/Unreal Projects/AirCommandAlpha/Content/UltimateMenu/UserInterface/Textures/T_BlankTexture.uasset" 1073
"D:/Unreal Projects/AirCommandAlpha/Content/UltimateMenu/UserInterface/Textures/T_BlankTexture.uexp" 1074
"../../../Engine/Content/Functions/Engine_MaterialFunctions01/Gradient/LinearGradient.uasset" 1075
"../../../Engine/Content/Functions/Engine_MaterialFunctions01/Gradient/LinearGradient.uexp" 1076
"../../../Engine/Content/Functions/Engine_MaterialFunctions02/Texturing/CustomRotator.uasset" 1077
"../../../Engine/Content/Functions/Engine_MaterialFunctions02/Texturing/CustomRotator.uexp" 1078
"D:/Unreal Projects/AirCommandAlpha/Content/UltimateMenu/Environment/Particles/Textures/T_Smoke_Tiled_D.ubulk" 1079
"D:/Unreal Projects/AirCommandAlpha/Content/UltimateMenu/Environment/Particles/Textures/T_Smoke_Tiled_D.uasset" 1080
"D:/Unreal Projects/AirCommandAlpha/Content/UltimateMenu/Environment/Particles/Textures/T_Smoke_Tiled_D.uexp" 1081
"D:/Unreal Projects/AirCommandAlpha/Content/UltimateMenu/UserInterface/Materials/M_WidgetFade.uasset" 1082
"D:/Unreal Projects/AirCommandAlpha/Content/UltimateMenu/UserInterface/Materials/M_WidgetFade.uexp" 1083
"D:/Unreal Projects/AirCommandAlpha/Content/UltimateMenu/UserInterface/Materials/MI_GridButtonEdgeVertical.uasset" 1084
"D:/Unreal Projects/AirCommandAlpha/Content/UltimateMenu/UserInterface/Materials/MI_GridButtonEdgeVertical.uexp" 1085
"D:/Unreal Projects/AirCommandAlpha/Content/UltimateMenu/UserInterface/Materials/MI_GridButtonEdgeHorizontal.uasset" 1086
"D:/Unreal Projects/AirCommandAlpha/Content/UltimateMenu/UserInterface/Materials/MI_GridButtonEdgeHorizontal.uexp" 1087
"D:/Unreal Projects/AirCommandAlpha/Content/UltimateMenu/UserInterface/MenuElements/WB_FrameBuilder.uasset" 1088
"D:/Unreal Projects/AirCommandAlpha/Content/UltimateMenu/UserInterface/MenuElements/WB_FrameBuilder.uexp" 1089
"D:/Unreal Projects/AirCommandAlpha/Content/UltimateMenu/UserInterface/Materials/MI_ButtonBottomFade.uasset" 1090
"D:/Unreal Projects/AirCommandAlpha/Content/UltimateMenu/UserInterface/Materials/MI_ButtonBottomFade.uexp" 1091
"../../../Engine/Content/EditorBlueprintResources/StandardMacros.uasset" 1092
"../../../Engine/Content/EditorBlueprintResources/StandardMacros.uexp" 1093
"D:/Unreal Projects/AirCommandAlpha/Content/UltimateMenu/UserInterface/Materials/MI_GridButtonBottom.uasset" 1094
"D:/Unreal Projects/AirCommandAlpha/Content/UltimateMenu/UserInterface/Materials/MI_GridButtonBottom.uexp" 1095
"D:/Unreal Projects/AirCommandAlpha/Content/UltimateMenu/UserInterface/Textures/T_Padlock.uasset" 1096
"D:/Unreal Projects/AirCommandAlpha/Content/UltimateMenu/UserInterface/Textures/T_Padlock.uexp" 1097
"D:/Unreal Projects/AirCommandAlpha/Content/UltimateMenu/UserInterface/Textures/T_Helmet.uasset" 1098
"D:/Unreal Projects/AirCommandAlpha/Content/UltimateMenu/UserInterface/Textures/T_Helmet.uexp" 1099
"D:/Unreal Projects/AirCommandAlpha/Content/UltimateMenu/UserInterface/Textures/T_CheckIcon.uasset" 1100
"D:/Unreal Projects/AirCommandAlpha/Content/UltimateMenu/UserInterface/Textures/T_CheckIcon.uexp" 1101
"D:/Unreal Projects/AirCommandAlpha/Content/UltimateMenu/UserInterface/MenuElements/WB_ListElement.uasset" 1102
"D:/Unreal Projects/AirCommandAlpha/Content/UltimateMenu/UserInterface/MenuElements/WB_ListElement.uexp" 1103
"D:/Unreal Projects/AirCommandAlpha/Content/UltimateMenu/Blueprints/Data/Structure/MenuSystem/Struct_CategoryHolderSettings.uasset" 1104
"D:/Unreal Projects/AirCommandAlpha/Content/UltimateMenu/Blueprints/Data/Structure/MenuSystem/Struct_CategoryHolderSettings.uexp" 1105
"D:/Unreal Projects/AirCommandAlpha/Content/UltimateMenu/Sounds/Classes/SC_UISounds.uasset" 1106
"D:/Unreal Projects/AirCommandAlpha/Content/UltimateMenu/Sounds/Classes/SC_UISounds.uexp" 1107
"D:/Unreal Projects/AirCommandAlpha/Content/UltimateMenu/Blueprints/Data/Structure/MenuSystem/Struct_ButtonImageSettings.uasset" 1108
"D:/Unreal Projects/AirCommandAlpha/Content/UltimateMenu/Blueprints/Data/Structure/MenuSystem/Struct_ButtonImageSettings.uexp" 1109
"D:/Unreal Projects/AirCommandAlpha/Content/UltimateMenu/Blueprints/Data/Structure/MenuSystem/Struct_IconSetup.uasset" 1110
"D:/Unreal Projects/AirCommandAlpha/Content/UltimateMenu/Blueprints/Data/Structure/MenuSystem/Struct_IconSetup.uexp" 1111
"D:/Unreal Projects/AirCommandAlpha/Content/UltimateMenu/Blueprints/Data/Structure/MenuSystem/Struct_CustomGridButton.uasset" 1112
"D:/Unreal Projects/AirCommandAlpha/Content/UltimateMenu/Blueprints/Data/Structure/MenuSystem/Struct_CustomGridButton.uexp" 1113
"../../../Engine/Content/VREditor/Sounds/UI/Click_on_Button.ubulk" 1114
"../../../Engine/Content/VREditor/Sounds/UI/Click_on_Button.uasset" 1115
"../../../Engine/Content/VREditor/Sounds/UI/Click_on_Button.uexp" 1116
"../../../Engine/Content/VREditor/Sounds/UI/Click_on_Button_Cue.uasset" 1117
"../../../Engine/Content/VREditor/Sounds/UI/Click_on_Button_Cue.uexp" 1118
"D:/Unreal Projects/AirCommandAlpha/Content/UltimateMenu/UserInterface/Constructors/WB_SingleGridButton.uasset" 1119
"D:/Unreal Projects/AirCommandAlpha/Content/UltimateMenu/UserInterface/Constructors/WB_SingleGridButton.uexp" 1120
"D:/Unreal Projects/AirCommandAlpha/Content/UltimateMenu/UserInterface/Constructors/WB_SingleButton.uasset" 1121
"D:/Unreal Projects/AirCommandAlpha/Content/UltimateMenu/UserInterface/Constructors/WB_SingleButton.uexp" 1122
"D:/Unreal Projects/AirCommandAlpha/Content/UltimateMenu/UserInterface/Examples/Overlays/WB_RequestBox.uasset" 1123
"D:/Unreal Projects/AirCommandAlpha/Content/UltimateMenu/UserInterface/Examples/Overlays/WB_RequestBox.uexp" 1124
"../../../Engine/Content/Functions/Engine_MaterialFunctions01/Density/ExponentialDensity.uasset" 1125
"../../../Engine/Content/Functions/Engine_MaterialFunctions01/Density/ExponentialDensity.uexp" 1126
"../../../Engine/Content/Functions/Engine_MaterialFunctions01/Gradient/RadialGradientExponential.uasset" 1127
"../../../Engine/Content/Functions/Engine_MaterialFunctions01/Gradient/RadialGradientExponential.uexp" 1128
"D:/Unreal Projects/AirCommandAlpha/Content/UltimateMenu/UserInterface/Materials/M_CircleMask.uasset" 1129
"D:/Unreal Projects/AirCommandAlpha/Content/UltimateMenu/UserInterface/Materials/M_CircleMask.uexp" 1130
"D:/Unreal Projects/AirCommandAlpha/Content/UltimateMenu/UserInterface/Materials/MI_CircleButtonBG.uasset" 1131
"D:/Unreal Projects/AirCommandAlpha/Content/UltimateMenu/UserInterface/Materials/MI_CircleButtonBG.uexp" 1132
"D:/Unreal Projects/AirCommandAlpha/Content/UltimateMenu/Blueprints/Data/Structure/MenuSystem/Struct_BottomInfo.uasset" 1133
"D:/Unreal Projects/AirCommandAlpha/Content/UltimateMenu/Blueprints/Data/Structure/MenuSystem/Struct_BottomInfo.uexp" 1134
"D:/Unreal Projects/AirCommandAlpha/Content/UltimateMenu/UserInterface/MenuElements/WB_BottomInfoKey.uasset" 1135
"D:/Unreal Projects/AirCommandAlpha/Content/UltimateMenu/UserInterface/MenuElements/WB_BottomInfoKey.uexp" 1136
"D:/Unreal Projects/AirCommandAlpha/Content/UltimateMenu/UserInterface/Constructors/WB_BottomInfoConstructor.uasset" 1137
"D:/Unreal Projects/AirCommandAlpha/Content/UltimateMenu/UserInterface/Constructors/WB_BottomInfoConstructor.uexp" 1138
"D:/Unreal Projects/AirCommandAlpha/Content/UltimateMenu/UserInterface/Materials/MI_TitleBorderLeft.uasset" 1139
"D:/Unreal Projects/AirCommandAlpha/Content/UltimateMenu/UserInterface/Materials/MI_TitleBorderLeft.uexp" 1140
"D:/Unreal Projects/AirCommandAlpha/Content/UltimateMenu/UserInterface/Materials/MI_TitleBorderCenter.uasset" 1141
"D:/Unreal Projects/AirCommandAlpha/Content/UltimateMenu/UserInterface/Materials/MI_TitleBorderCenter.uexp" 1142
"D:/Unreal Projects/AirCommandAlpha/Content/UltimateMenu/UserInterface/Materials/MI_SwitcherFadeTop.uasset" 1143
"D:/Unreal Projects/AirCommandAlpha/Content/UltimateMenu/UserInterface/Materials/MI_SwitcherFadeTop.uexp" 1144
"D:/Unreal Projects/AirCommandAlpha/Content/UltimateMenu/UserInterface/Materials/MI_SwitcherFadeRight.uasset" 1145
"D:/Unreal Projects/AirCommandAlpha/Content/UltimateMenu/UserInterface/Materials/MI_SwitcherFadeRight.uexp" 1146
"D:/Unreal Projects/AirCommandAlpha/Content/UltimateMenu/Blueprints/Data/Enums/Enum_KeyType.uasset" 1147
"D:/Unreal Projects/AirCommandAlpha/Content/UltimateMenu/Blueprints/Data/Enums/Enum_KeyType.uexp" 1148
"D:/Unreal Projects/AirCommandAlpha/Content/UltimateMenu/Blueprints/Data/Structure/MenuSystem/Struct_InputKeyInfo.uasset" 1149
"D:/Unreal Projects/AirCommandAlpha/Content/UltimateMenu/Blueprints/Data/Structure/MenuSystem/Struct_InputKeyInfo.uexp" 1150
"D:/Unreal Projects/AirCommandAlpha/Content/UltimateMenu/UserInterface/MenuElements/WB_KeyBindingButton.uasset" 1151
"D:/Unreal Projects/AirCommandAlpha/Content/UltimateMenu/UserInterface/MenuElements/WB_KeyBindingButton.uexp" 1152
"D:/Unreal Projects/AirCommandAlpha/Content/UltimateMenu/UserInterface/Textures/T_ArrowRight.uasset" 1153
"D:/Unreal Projects/AirCommandAlpha/Content/UltimateMenu/UserInterface/Textures/T_ArrowRight.uexp" 1154
"D:/Unreal Projects/AirCommandAlpha/Content/UltimateMenu/UserInterface/Textures/T_ArrowLeft.uasset" 1155
"D:/Unreal Projects/AirCommandAlpha/Content/UltimateMenu/UserInterface/Textures/T_ArrowLeft.uexp" 1156
"D:/Unreal Projects/AirCommandAlpha/Content/UltimateMenu/Blueprints/Data/Structure/MenuSystem/Struct_SwitchButtonSettings.uasset" 1157
"D:/Unreal Projects/AirCommandAlpha/Content/UltimateMenu/Blueprints/Data/Structure/MenuSystem/Struct_SwitchButtonSettings.uexp" 1158
"D:/Unreal Projects/AirCommandAlpha/Content/UltimateMenu/UserInterface/MenuElements/WB_SwitchButton.uasset" 1159
"D:/Unreal Projects/AirCommandAlpha/Content/UltimateMenu/UserInterface/MenuElements/WB_SwitchButton.uexp" 1160
"D:/Unreal Projects/AirCommandAlpha/Content/UltimateMenu/UserInterface/MenuElements/WB_KeybindingGenerator.uasset" 1161
"D:/Unreal Projects/AirCommandAlpha/Content/UltimateMenu/UserInterface/MenuElements/WB_KeybindingGenerator.uexp" 1162
"D:/Unreal Projects/AirCommandAlpha/Content/UltimateMenu/UserInterface/Textures/T_SliderCircle.uasset" 1163
"D:/Unreal Projects/AirCommandAlpha/Content/UltimateMenu/UserInterface/Textures/T_SliderCircle.uexp" 1164
"D:/Unreal Projects/AirCommandAlpha/Content/UltimateMenu/UserInterface/Textures/T_ColorPicker.uasset" 1165
"D:/Unreal Projects/AirCommandAlpha/Content/UltimateMenu/UserInterface/Textures/T_ColorPicker.uexp" 1166
"D:/Unreal Projects/AirCommandAlpha/Content/UltimateMenu/UserInterface/Materials/M_TwoSidedSlider.uasset" 1167
"D:/Unreal Projects/AirCommandAlpha/Content/UltimateMenu/UserInterface/Materials/M_TwoSidedSlider.uexp" 1168
"D:/Unreal Projects/AirCommandAlpha/Content/UltimateMenu/UserInterface/MenuElements/WB_ColorPicker.uasset" 1169
"D:/Unreal Projects/AirCommandAlpha/Content/UltimateMenu/UserInterface/MenuElements/WB_ColorPicker.uexp" 1170
"D:/Unreal Projects/AirCommandAlpha/Content/UltimateMenu/UserInterface/Materials/MI_TitleBorderRight.uasset" 1171
"D:/Unreal Projects/AirCommandAlpha/Content/UltimateMenu/UserInterface/Materials/MI_TitleBorderRight.uexp" 1172
"D:/Unreal Projects/AirCommandAlpha/Content/UltimateMenu/UserInterface/Materials/MI_SettingBarShadow.uasset" 1173
"D:/Unreal Projects/AirCommandAlpha/Content/UltimateMenu/UserInterface/Materials/MI_SettingBarShadow.uexp" 1174
"D:/Unreal Projects/AirCommandAlpha/Content/UltimateMenu/Blueprints/Data/Enums/Enum_SettingBarType.uasset" 1175
"D:/Unreal Projects/AirCommandAlpha/Content/UltimateMenu/Blueprints/Data/Enums/Enum_SettingBarType.uexp" 1176
"D:/Unreal Projects/AirCommandAlpha/Content/UltimateMenu/Blueprints/Data/Structure/MenuSystem/Struct_SettingBar.uasset" 1177
"D:/Unreal Projects/AirCommandAlpha/Content/UltimateMenu/Blueprints/Data/Structure/MenuSystem/Struct_SettingBar.uexp" 1178
"D:/Unreal Projects/AirCommandAlpha/Content/UltimateMenu/UserInterface/Constructors/WB_SingleSettingBar.uasset" 1179
"D:/Unreal Projects/AirCommandAlpha/Content/UltimateMenu/UserInterface/Constructors/WB_SingleSettingBar.uexp" 1180
"D:/Unreal Projects/AirCommandAlpha/Content/UltimateMenu/Sounds/Classes/SCM_MasterMixer.uasset" 1181
"D:/Unreal Projects/AirCommandAlpha/Content/UltimateMenu/Sounds/Classes/SCM_MasterMixer.uexp" 1182
"D:/Unreal Projects/AirCommandAlpha/Content/UltimateMenu/UserInterface/Examples/Settings/WB_AudioSettingsPanel.uasset" 1183
"D:/Unreal Projects/AirCommandAlpha/Content/UltimateMenu/UserInterface/Examples/Settings/WB_AudioSettingsPanel.uexp" 1184
"D:/Unreal Projects/AirCommandAlpha/Content/UltimateMenu/UserInterface/Constructors/WB_SettingInfo.uasset" 1185
"D:/Unreal Projects/AirCommandAlpha/Content/UltimateMenu/UserInterface/Constructors/WB_SettingInfo.uexp" 1186
"D:/Unreal Projects/AirCommandAlpha/Content/UltimateMenu/UserInterface/Examples/Settings/WB_GameplaySettings.uasset" 1187
"D:/Unreal Projects/AirCommandAlpha/Content/UltimateMenu/UserInterface/Examples/Settings/WB_GameplaySettings.uexp" 1188
"D:/Unreal Projects/AirCommandAlpha/Content/UltimateMenu/UserInterface/Examples/Settings/WB_MouseSettings.uasset" 1189
"D:/Unreal Projects/AirCommandAlpha/Content/UltimateMenu/UserInterface/Examples/Settings/WB_MouseSettings.uexp" 1190
"D:/Unreal Projects/AirCommandAlpha/Content/UltimateMenu/UserInterface/Examples/Settings/WB_KeyboardVehicleBindings.uasset" 1191
"D:/Unreal Projects/AirCommandAlpha/Content/UltimateMenu/UserInterface/Examples/Settings/WB_KeyboardVehicleBindings.uexp" 1192
"D:/Unreal Projects/AirCommandAlpha/Content/UltimateMenu/UserInterface/Examples/Settings/WB_KeyboardSoldierBindings.uasset" 1193
"D:/Unreal Projects/AirCommandAlpha/Content/UltimateMenu/UserInterface/Examples/Settings/WB_KeyboardSoldierBindings.uexp" 1194
"D:/Unreal Projects/AirCommandAlpha/Content/UltimateMenu/UserInterface/Examples/Settings/WB_KeyboardCommonBindings.uasset" 1195
"D:/Unreal Projects/AirCommandAlpha/Content/UltimateMenu/UserInterface/Examples/Settings/WB_KeyboardCommonBindings.uexp" 1196
"D:/Unreal Projects/AirCommandAlpha/Content/UltimateMenu/UserInterface/Examples/Settings/WB_KeyboardBindingsPanel.uasset" 1197
"D:/Unreal Projects/AirCommandAlpha/Content/UltimateMenu/UserInterface/Examples/Settings/WB_KeyboardBindingsPanel.uexp" 1198
"D:/Unreal Projects/AirCommandAlpha/Content/UltimateMenu/UserInterface/Examples/Settings/WB_GamepadVehicleBindings.uasset" 1199
"D:/Unreal Projects/AirCommandAlpha/Content/UltimateMenu/UserInterface/Examples/Settings/WB_GamepadVehicleBindings.uexp" 1200
"D:/Unreal Projects/AirCommandAlpha/Content/UltimateMenu/UserInterface/Examples/Settings/WB_GamepadSoldierBindings.uasset" 1201
"D:/Unreal Projects/AirCommandAlpha/Content/UltimateMenu/UserInterface/Examples/Settings/WB_GamepadSoldierBindings.uexp" 1202
"D:/Unreal Projects/AirCommandAlpha/Content/UltimateMenu/UserInterface/Examples/Settings/WB_GamepadCommonBindings.uasset" 1203
"D:/Unreal Projects/AirCommandAlpha/Content/UltimateMenu/UserInterface/Examples/Settings/WB_GamepadCommonBindings.uexp" 1204
"D:/Unreal Projects/AirCommandAlpha/Content/UltimateMenu/UserInterface/Examples/Settings/WB_GamepadBindingsPanel.uasset" 1205
"D:/Unreal Projects/AirCommandAlpha/Content/UltimateMenu/UserInterface/Examples/Settings/WB_GamepadBindingsPanel.uexp" 1206
"D:/Unreal Projects/AirCommandAlpha/Content/UltimateMenu/UserInterface/Examples/Settings/WB_TabbedKeybindingsPanel.uasset" 1207
"D:/Unreal Projects/AirCommandAlpha/Content/UltimateMenu/UserInterface/Examples/Settings/WB_TabbedKeybindingsPanel.uexp" 1208
"D:/Unreal Projects/AirCommandAlpha/Content/Textures/General/T_LOADSCREEN09.uasset" 1209
"D:/Unreal Projects/AirCommandAlpha/Content/Textures/General/T_LOADSCREEN09.uexp" 1210
"D:/Unreal Projects/AirCommandAlpha/Content/UltimateMenu/UserInterface/Examples/Settings/WB_Video_VideoSettings.uasset" 1211
"D:/Unreal Projects/AirCommandAlpha/Content/UltimateMenu/UserInterface/Examples/Settings/WB_Video_VideoSettings.uexp" 1212
"D:/Unreal Projects/AirCommandAlpha/Content/UltimateMenu/UserInterface/Examples/Settings/WB_Video_GraphicSettings.uasset" 1213
"D:/Unreal Projects/AirCommandAlpha/Content/UltimateMenu/UserInterface/Examples/Settings/WB_Video_GraphicSettings.uexp" 1214
"D:/Unreal Projects/AirCommandAlpha/Content/UltimateMenu/UserInterface/Examples/Settings/WB_TabbedVideoSettingsPanel.uasset" 1215
"D:/Unreal Projects/AirCommandAlpha/Content/UltimateMenu/UserInterface/Examples/Settings/WB_TabbedVideoSettingsPanel.uexp" 1216
"D:/Unreal Projects/AirCommandAlpha/Content/UltimateMenu/UserInterface/Textures/T_Toggles.uasset" 1217
"D:/Unreal Projects/AirCommandAlpha/Content/UltimateMenu/UserInterface/Textures/T_Toggles.uexp" 1218
"D:/Unreal Projects/AirCommandAlpha/Content/UltimateMenu/UserInterface/Textures/T_Sound_Waves.uasset" 1219
"D:/Unreal Projects/AirCommandAlpha/Content/UltimateMenu/UserInterface/Textures/T_Sound_Waves.uexp" 1220
"D:/Unreal Projects/AirCommandAlpha/Content/UltimateMenu/UserInterface/Textures/T_Gamepad.uasset" 1221
"D:/Unreal Projects/AirCommandAlpha/Content/UltimateMenu/UserInterface/Textures/T_Gamepad.uexp" 1222
"D:/Unreal Projects/AirCommandAlpha/Content/UltimateMenu/UserInterface/Textures/T_Camera.uasset" 1223
"D:/Unreal Projects/AirCommandAlpha/Content/UltimateMenu/UserInterface/Textures/T_Camera.uexp" 1224
"D:/Unreal Projects/AirCommandAlpha/Content/UltimateMenu/UserInterface/Examples/WB_SettingsPanel.uasset" 1225
"D:/Unreal Projects/AirCommandAlpha/Content/UltimateMenu/UserInterface/Examples/WB_SettingsPanel.uexp" 1226
"D:/Unreal Projects/AirCommandAlpha/Content/UltimateMenu/Blueprints/Data/Enums/Enum_MenuHandlerType.uasset" 1227
"D:/Unreal Projects/AirCommandAlpha/Content/UltimateMenu/Blueprints/Data/Enums/Enum_MenuHandlerType.uexp" 1228
"D:/Unreal Projects/AirCommandAlpha/Content/UltimateMenu/UserInterface/Examples/WB_BeginPlayScreen.uasset" 1229
"D:/Unreal Projects/AirCommandAlpha/Content/UltimateMenu/UserInterface/Examples/WB_BeginPlayScreen.uexp" 1230
"D:/Unreal Projects/AirCommandAlpha/Content/UltimateMenu/Blueprints/Data/Structure/MenuCameraSystem/Struct_FocusableCameraActor.uasset" 1231
"D:/Unreal Projects/AirCommandAlpha/Content/UltimateMenu/Blueprints/Data/Structure/MenuCameraSystem/Struct_FocusableCameraActor.uexp" 1232
"D:/Unreal Projects/AirCommandAlpha/Content/UltimateMenu/Blueprints/Data/Interfaces/Interface_MenuCameraManager.uasset" 1233
"D:/Unreal Projects/AirCommandAlpha/Content/UltimateMenu/Blueprints/Data/Interfaces/Interface_MenuCameraManager.uexp" 1234
"D:/Unreal Projects/AirCommandAlpha/Content/UltimateMenu/UserInterface/Textures/T_ExclamationInTriangle.uasset" 1235
"D:/Unreal Projects/AirCommandAlpha/Content/UltimateMenu/UserInterface/Textures/T_ExclamationInTriangle.uexp" 1236
"D:/Unreal Projects/AirCommandAlpha/Content/UltimateMenu/UserInterface/Examples/FullScreenInformers/WB_AvailableOnMarketplace.uasset" 1237
"D:/Unreal Projects/AirCommandAlpha/Content/UltimateMenu/UserInterface/Examples/FullScreenInformers/WB_AvailableOnMarketplace.uexp" 1238
"D:/Unreal Projects/AirCommandAlpha/Content/UltimateMenu/UserInterface/Examples/FullScreenInformers/WB_More.uasset" 1239
"D:/Unreal Projects/AirCommandAlpha/Content/UltimateMenu/UserInterface/Examples/FullScreenInformers/WB_More.uexp" 1240
"D:/Unreal Projects/AirCommandAlpha/Content/UltimateMenu/UserInterface/Examples/FullScreenInformers/WB_QuitScreen.uasset" 1241
"D:/Unreal Projects/AirCommandAlpha/Content/UltimateMenu/UserInterface/Examples/FullScreenInformers/WB_QuitScreen.uexp" 1242
"D:/Unreal Projects/AirCommandAlpha/Content/Blueprints/UI/Fonts/BlackSquare-Bold.uexp" 1243
"D:/Unreal Projects/AirCommandAlpha/Content/Blueprints/UI/Fonts/BlackSquare-Bold.uasset" 1244
"D:/Unreal Projects/AirCommandAlpha/Content/Blueprints/UI/Fonts/BlackSquare-Bold.ufont" 1245
"D:/Unreal Projects/AirCommandAlpha/Content/Blueprints/UI/Fonts/BlackSquare-Bold_Font.uasset" 1246
"D:/Unreal Projects/AirCommandAlpha/Content/Blueprints/UI/Fonts/BlackSquare-Bold_Font.uexp" 1247
"D:/Unreal Projects/AirCommandAlpha/Content/Player/Player_Ship2_Skeleton.uasset" 1248
"D:/Unreal Projects/AirCommandAlpha/Content/Player/Player_Ship2_Skeleton.uexp" 1249
"D:/Unreal Projects/AirCommandAlpha/Content/Player/Player_Ship2_PhysicsAsset.uasset" 1250
"D:/Unreal Projects/AirCommandAlpha/Content/Player/Player_Ship2_PhysicsAsset.uexp" 1251
"../../../Engine/Plugins/Interchange/Assets/Content/Functions/MF_PhongToMetalRoughness.uasset" 1252
"../../../Engine/Plugins/Interchange/Assets/Content/Functions/MF_PhongToMetalRoughness.uexp" 1253
"D:/Unreal Projects/AirCommandAlpha/Content/Player/M_Arrows.uasset" 1254
"D:/Unreal Projects/AirCommandAlpha/Content/Player/M_Arrows.uexp" 1255
"D:/Unreal Projects/AirCommandAlpha/Content/Player/M_01Black.uasset" 1256
"D:/Unreal Projects/AirCommandAlpha/Content/Player/M_01Black.uexp" 1257
"D:/Unreal Projects/AirCommandAlpha/Content/Player/Color_05Orange.uasset" 1258
"D:/Unreal Projects/AirCommandAlpha/Content/Player/Color_05Orange.uexp" 1259
"D:/Unreal Projects/AirCommandAlpha/Content/Player/Color_03Black.uasset" 1260
"D:/Unreal Projects/AirCommandAlpha/Content/Player/Color_03Black.uexp" 1261
"D:/Unreal Projects/AirCommandAlpha/Content/Player/Player_Ship2.uasset" 1262
"D:/Unreal Projects/AirCommandAlpha/Content/Player/Player_Ship2.uexp" 1263
"D:/Unreal Projects/AirCommandAlpha/Content/Materials/Base_Colors/M_PlayerProjectile.uasset" 1264
"D:/Unreal Projects/AirCommandAlpha/Content/Materials/Base_Colors/M_PlayerProjectile.uexp" 1265
"D:/Unreal Projects/AirCommandAlpha/Content/Art/StaticMeshes/Projectiles/Projectile.ubulk" 1266
"D:/Unreal Projects/AirCommandAlpha/Content/Art/StaticMeshes/Projectiles/Projectile.uasset" 1267
"D:/Unreal Projects/AirCommandAlpha/Content/Art/StaticMeshes/Projectiles/Projectile.uexp" 1268
"D:/Unreal Projects/AirCommandAlpha/Content/Art/Materials/M_Pixel_Cube_Particle.uasset" 1269
"D:/Unreal Projects/AirCommandAlpha/Content/Art/Materials/M_Pixel_Cube_Particle.uexp" 1270
"D:/Unreal Projects/AirCommandAlpha/Content/Particles/NE_PlayerThruster.uasset" 1271
"D:/Unreal Projects/AirCommandAlpha/Content/Particles/NE_PlayerThruster.uexp" 1272
"D:/Unreal Projects/AirCommandAlpha/Content/Audio/Shot.ubulk" 1273
"D:/Unreal Projects/AirCommandAlpha/Content/Audio/Shot.uasset" 1274
"D:/Unreal Projects/AirCommandAlpha/Content/Audio/Shot.uexp" 1275
"D:/Unreal Projects/AirCommandAlpha/Content/Blueprints/UI/MenuGameLost3.uasset" 1276
"D:/Unreal Projects/AirCommandAlpha/Content/Blueprints/UI/MenuGameLost3.uexp" 1277
"D:/Unreal Projects/AirCommandAlpha/Content/Particles/NE_DeathEnemy.uasset" 1278
"D:/Unreal Projects/AirCommandAlpha/Content/Particles/NE_DeathEnemy.uexp" 1279
"D:/Unreal Projects/AirCommandAlpha/Content/Audio/Explosion.ubulk" 1280
"D:/Unreal Projects/AirCommandAlpha/Content/Audio/Explosion.uasset" 1281
"D:/Unreal Projects/AirCommandAlpha/Content/Audio/Explosion.uexp" 1282
"D:/Unreal Projects/AirCommandAlpha/Content/Audio/action.ubulk" 1283
"D:/Unreal Projects/AirCommandAlpha/Content/Audio/action.uasset" 1284
"D:/Unreal Projects/AirCommandAlpha/Content/Audio/action.uexp" 1285
"D:/Unreal Projects/AirCommandAlpha/Content/Blueprints/UI/MenuRestart.uasset" 1286
"D:/Unreal Projects/AirCommandAlpha/Content/Blueprints/UI/MenuRestart.uexp" 1287
"D:/Unreal Projects/AirCommandAlpha/Content/Blueprints/UI/MenuGameWon2.uasset" 1288
"D:/Unreal Projects/AirCommandAlpha/Content/Blueprints/UI/MenuGameWon2.uexp" 1289
"../../../Engine/Content/VREditor/LaserPointer/LaserPointerMaterial.uasset" 1290
"../../../Engine/Content/VREditor/LaserPointer/LaserPointerMaterial.uexp" 1291
"D:/Unreal Projects/AirCommandAlpha/Content/Materials/MI_EnemyProjectile.uasset" 1292
"D:/Unreal Projects/AirCommandAlpha/Content/Materials/MI_EnemyProjectile.uexp" 1293
"D:/Unreal Projects/AirCommandAlpha/Content/Textures/General/T_sunflare.ubulk" 1294
"D:/Unreal Projects/AirCommandAlpha/Content/Textures/General/T_sunflare.uasset" 1295
"D:/Unreal Projects/AirCommandAlpha/Content/Textures/General/T_sunflare.uexp" 1296
"D:/Unreal Projects/AirCommandAlpha/Content/Art/Materials/m_flare_03.uasset" 1297
"D:/Unreal Projects/AirCommandAlpha/Content/Art/Materials/m_flare_03.uexp" 1298
"D:/Unreal Projects/AirCommandAlpha/Content/Art/Particles/P_HitPlayer.uasset" 1299
"D:/Unreal Projects/AirCommandAlpha/Content/Art/Particles/P_HitPlayer.uexp" 1300
"D:/Unreal Projects/AirCommandAlpha/Content/Blueprints/ProjectilesEnemy/BP_ProjectileEnemyBase.uasset" 1301
"D:/Unreal Projects/AirCommandAlpha/Content/Blueprints/ProjectilesEnemy/BP_ProjectileEnemyBase.uexp" 1302
"D:/Unreal Projects/AirCommandAlpha/Content/UltimateMenu/UserInterface/Materials/MI_TitleBorderTop.uasset" 1303
"D:/Unreal Projects/AirCommandAlpha/Content/UltimateMenu/UserInterface/Materials/MI_TitleBorderTop.uexp" 1304
"D:/Unreal Projects/AirCommandAlpha/Content/CustomUI/WB_Test_MainMenu.uasset" 1305
"D:/Unreal Projects/AirCommandAlpha/Content/CustomUI/WB_Test_MainMenu.uexp" 1306
"D:/Unreal Projects/AirCommandAlpha/Content/UltimateMenu/Blueprints/Data/Interfaces/Interface_GamePlayerController.uasset" 1307
"D:/Unreal Projects/AirCommandAlpha/Content/UltimateMenu/Blueprints/Data/Interfaces/Interface_GamePlayerController.uexp" 1308
"D:/Unreal Projects/AirCommandAlpha/Content/UltimateMenu/UserInterface/Examples/S_LoadingData.uasset" 1309
"D:/Unreal Projects/AirCommandAlpha/Content/UltimateMenu/UserInterface/Examples/S_LoadingData.uexp" 1310
"D:/Unreal Projects/AirCommandAlpha/Content/UltimateMenu/UserInterface/Examples/DT_LoadingScreens.uasset" 1311
"D:/Unreal Projects/AirCommandAlpha/Content/UltimateMenu/UserInterface/Examples/DT_LoadingScreens.uexp" 1312
"D:/Unreal Projects/AirCommandAlpha/Content/Textures/LoadScreens/LoadScreenTextures/02_OrangeLevel.uasset" 1313
"D:/Unreal Projects/AirCommandAlpha/Content/Textures/LoadScreens/LoadScreenTextures/02_OrangeLevel.uexp" 1314
"D:/Unreal Projects/AirCommandAlpha/Content/Textures/LoadScreens/LoadScreenTextures/06a_BlueLevel.uasset" 1315
"D:/Unreal Projects/AirCommandAlpha/Content/Textures/LoadScreens/LoadScreenTextures/06a_BlueLevel.uexp" 1316
"D:/Unreal Projects/AirCommandAlpha/Content/Textures/LoadScreens/LoadScreenTextures/06c_PurpleLevel.uasset" 1317
"D:/Unreal Projects/AirCommandAlpha/Content/Textures/LoadScreens/LoadScreenTextures/06c_PurpleLevel.uexp" 1318
"D:/Unreal Projects/AirCommandAlpha/Content/Textures/LoadScreens/LoadScreenTextures/07a_GrayMoonBase.uasset" 1319
"D:/Unreal Projects/AirCommandAlpha/Content/Textures/LoadScreens/LoadScreenTextures/07a_GrayMoonBase.uexp" 1320
"D:/Unreal Projects/AirCommandAlpha/Content/Textures/LoadScreens/LoadScreenTextures/10_RedLevelB.uasset" 1321
"D:/Unreal Projects/AirCommandAlpha/Content/Textures/LoadScreens/LoadScreenTextures/10_RedLevelB.uexp" 1322
"D:/Unreal Projects/AirCommandAlpha/Content/Textures/LoadScreens/LoadScreenTextures/7a_RedLevelA.uasset" 1323
"D:/Unreal Projects/AirCommandAlpha/Content/Textures/LoadScreens/LoadScreenTextures/7a_RedLevelA.uexp" 1324
"D:/Unreal Projects/AirCommandAlpha/Content/Textures/LoadScreens/LoadScreenTextures/T_GreenLevel.uasset" 1325
"D:/Unreal Projects/AirCommandAlpha/Content/Textures/LoadScreens/LoadScreenTextures/T_GreenLevel.uexp" 1326
"D:/Unreal Projects/AirCommandAlpha/Content/Textures/LoadScreens/LoadScreenTextures/T_LOADSCREEN06.uasset" 1327
"D:/Unreal Projects/AirCommandAlpha/Content/Textures/LoadScreens/LoadScreenTextures/T_LOADSCREEN06.uexp" 1328
"D:/Unreal Projects/AirCommandAlpha/Content/Textures/LoadScreens/LoadScreenTextures/T_WhiteLevel.uasset" 1329
"D:/Unreal Projects/AirCommandAlpha/Content/Textures/LoadScreens/LoadScreenTextures/T_WhiteLevel.uexp" 1330
"D:/Unreal Projects/AirCommandAlpha/Content/UltimateMenu/UserInterface/Examples/WB_LoadingScreen.uasset" 1331
"D:/Unreal Projects/AirCommandAlpha/Content/UltimateMenu/UserInterface/Examples/WB_LoadingScreen.uexp" 1332
"D:/Unreal Projects/AirCommandAlpha/Content/UltimateMenu/UserInterface/Examples/FullScreenInformers/WB_ReturnBackToMenu.uasset" 1333
"D:/Unreal Projects/AirCommandAlpha/Content/UltimateMenu/UserInterface/Examples/FullScreenInformers/WB_ReturnBackToMenu.uexp" 1334
"D:/Unreal Projects/AirCommandAlpha/Content/UltimateMenu/UserInterface/Examples/WB_PauseMenu.uasset" 1335
"D:/Unreal Projects/AirCommandAlpha/Content/UltimateMenu/UserInterface/Examples/WB_PauseMenu.uexp" 1336
"D:/Unreal Projects/AirCommandAlpha/Content/UltimateMenu/UserInterface/Examples/WB_LoadingScreenMain.uasset" 1337
"D:/Unreal Projects/AirCommandAlpha/Content/UltimateMenu/UserInterface/Examples/WB_LoadingScreenMain.uexp" 1338
"D:/Unreal Projects/AirCommandAlpha/Content/UltimateMenu/Blueprints/Data/Enums/Enum_CheckPoints.uasset" 1339
"D:/Unreal Projects/AirCommandAlpha/Content/UltimateMenu/Blueprints/Data/Enums/Enum_CheckPoints.uexp" 1340
"D:/Unreal Projects/AirCommandAlpha/Content/UltimateMenu/Blueprints/Data/Enums/Enum_InputMode.uasset" 1341
"D:/Unreal Projects/AirCommandAlpha/Content/UltimateMenu/Blueprints/Data/Enums/Enum_InputMode.uexp" 1342
"D:/Unreal Projects/AirCommandAlpha/Content/UltimateMenu/Blueprints/Framework/UMS_GameInstance.uasset" 1343
"D:/Unreal Projects/AirCommandAlpha/Content/UltimateMenu/Blueprints/Framework/UMS_GameInstance.uexp" 1344
"D:/Unreal Projects/AirCommandAlpha/Content/UltimateMenu/Blueprints/Framework/PC_GameController.uasset" 1345
"D:/Unreal Projects/AirCommandAlpha/Content/UltimateMenu/Blueprints/Framework/PC_GameController.uexp" 1346
"D:/Unreal Projects/AirCommandAlpha/Content/Art/Materials/PM_Ice.uasset" 1347
"D:/Unreal Projects/AirCommandAlpha/Content/Art/Materials/PM_Ice.uexp" 1348
"D:/Unreal Projects/AirCommandAlpha/Content/Art/Materials/M_TestOrange.uasset" 1349
"D:/Unreal Projects/AirCommandAlpha/Content/Art/Materials/M_TestOrange.uexp" 1350
"D:/Unreal Projects/AirCommandAlpha/Content/Audio/EnemyShot.ubulk" 1351
"D:/Unreal Projects/AirCommandAlpha/Content/Audio/EnemyShot.uasset" 1352
"D:/Unreal Projects/AirCommandAlpha/Content/Audio/EnemyShot.uexp" 1353
"D:/Unreal Projects/AirCommandAlpha/Content/Materials/Base_Colors/M_01Black.uasset" 1354
"D:/Unreal Projects/AirCommandAlpha/Content/Materials/Base_Colors/M_01Black.uexp" 1355
"D:/Unreal Projects/AirCommandAlpha/Content/Materials/Base_Colors/M_04DrkGray.uasset" 1356
"D:/Unreal Projects/AirCommandAlpha/Content/Materials/Base_Colors/M_04DrkGray.uexp" 1357
"../../../Engine/Content/VREditor/LaserPointer/LaserPointerMaterialInst.uasset" 1358
"../../../Engine/Content/VREditor/LaserPointer/LaserPointerMaterialInst.uexp" 1359
"D:/Unreal Projects/AirCommandAlpha/Content/Art/StaticMeshes/Enemies/Minion02.ubulk" 1360
"D:/Unreal Projects/AirCommandAlpha/Content/Art/StaticMeshes/Enemies/Minion02.uasset" 1361
"D:/Unreal Projects/AirCommandAlpha/Content/Art/StaticMeshes/Enemies/Minion02.uexp" 1362
"D:/Unreal Projects/AirCommandAlpha/Content/Blueprints/Enemies/BP_EnemyMinion02.uasset" 1363
"D:/Unreal Projects/AirCommandAlpha/Content/Blueprints/Enemies/BP_EnemyMinion02.uexp" 1364
"D:/Unreal Projects/AirCommandAlpha/Content/Blueprints/ProjectilesEnemy/BP_ProjectileEnemyE1.uasset" 1365
"D:/Unreal Projects/AirCommandAlpha/Content/Blueprints/ProjectilesEnemy/BP_ProjectileEnemyE1.uexp" 1366
"D:/Unreal Projects/AirCommandAlpha/Content/Blueprints/Enemies/BP_EnemyMinion01.uasset" 1367
"D:/Unreal Projects/AirCommandAlpha/Content/Blueprints/Enemies/BP_EnemyMinion01.uexp" 1368
"D:/Unreal Projects/AirCommandAlpha/Content/Blueprints/Enemies/BP_SpawnerEnemy.uasset" 1369
"D:/Unreal Projects/AirCommandAlpha/Content/Blueprints/Enemies/BP_SpawnerEnemy.uexp" 1370
"D:/Unreal Projects/AirCommandAlpha/Content/Blueprints/MiscGameElements/BP_Frame2.uasset" 1371
"D:/Unreal Projects/AirCommandAlpha/Content/Blueprints/MiscGameElements/BP_Frame2.uexp" 1372
"D:/Unreal Projects/AirCommandAlpha/Content/UltimateMenu/UserInterface/Examples/DT_LevelLoaded.uasset" 1373
"D:/Unreal Projects/AirCommandAlpha/Content/UltimateMenu/UserInterface/Examples/DT_LevelLoaded.uexp" 1374
"D:/Unreal Projects/AirCommandAlpha/Content/Blueprints/MiscGameElements/bpCoinSave.uasset" 1375
"D:/Unreal Projects/AirCommandAlpha/Content/Blueprints/MiscGameElements/bpCoinSave.uexp" 1376
"D:/Unreal Projects/AirCommandAlpha/Content/Blueprints/Enemies/BP_EnemyBase.uasset" 1377
"D:/Unreal Projects/AirCommandAlpha/Content/Blueprints/Enemies/BP_EnemyBase.uexp" 1378
"D:/Unreal Projects/AirCommandAlpha/Content/Textures/LandscapeT/T_EnemyTexture2.ubulk" 1379
"D:/Unreal Projects/AirCommandAlpha/Content/Textures/LandscapeT/T_EnemyTexture2.uasset" 1380
"D:/Unreal Projects/AirCommandAlpha/Content/Textures/LandscapeT/T_EnemyTexture2.uexp" 1381
"D:/Unreal Projects/AirCommandAlpha/Content/Materials/Base_Materials/M_Enemy.uasset" 1382
"D:/Unreal Projects/AirCommandAlpha/Content/Materials/Base_Materials/M_Enemy.uexp" 1383
"D:/Unreal Projects/AirCommandAlpha/Content/Textures/General/EnemyTexture.ubulk" 1384
"D:/Unreal Projects/AirCommandAlpha/Content/Textures/General/EnemyTexture.uasset" 1385
"D:/Unreal Projects/AirCommandAlpha/Content/Textures/General/EnemyTexture.uexp" 1386
"D:/Unreal Projects/AirCommandAlpha/Content/Art/Materials/M_Enemy.uasset" 1387
"D:/Unreal Projects/AirCommandAlpha/Content/Art/Materials/M_Enemy.uexp" 1388
"D:/Unreal Projects/AirCommandAlpha/Content/Art/StaticMeshes/Enemies/Boss2.ubulk" 1389
"D:/Unreal Projects/AirCommandAlpha/Content/Art/StaticMeshes/Enemies/Boss2.uasset" 1390
"D:/Unreal Projects/AirCommandAlpha/Content/Art/StaticMeshes/Enemies/Boss2.uexp" 1391
"D:/Unreal Projects/AirCommandAlpha/Content/Blueprints/Enemies/BP_EnemyBase02.uasset" 1392
"D:/Unreal Projects/AirCommandAlpha/Content/Blueprints/Enemies/BP_EnemyBase02.uexp" 1393
"D:/Unreal Projects/AirCommandAlpha/Content/Blueprints/MiscGameElements/bpGameMode1.uasset" 1394
"D:/Unreal Projects/AirCommandAlpha/Content/Blueprints/MiscGameElements/bpGameMode1.uexp" 1395
"D:/Unreal Projects/AirCommandAlpha/Content/Art/Materials/M_01Black.uasset" 1396
"D:/Unreal Projects/AirCommandAlpha/Content/Art/Materials/M_01Black.uexp" 1397
"D:/Unreal Projects/AirCommandAlpha/Content/Art/StaticMeshes/Enemies/Minion01.ubulk" 1398
"D:/Unreal Projects/AirCommandAlpha/Content/Art/StaticMeshes/Enemies/Minion01.uasset" 1399
"D:/Unreal Projects/AirCommandAlpha/Content/Art/StaticMeshes/Enemies/Minion01.uexp" 1400
"D:/Unreal Projects/AirCommandAlpha/Content/Blueprints/Enemies/BP_EnemyBase01.uasset" 1401
"D:/Unreal Projects/AirCommandAlpha/Content/Blueprints/Enemies/BP_EnemyBase01.uexp" 1402
"D:/Unreal Projects/AirCommandAlpha/Content/Particles/NE_HitEnemy2.uasset" 1403
"D:/Unreal Projects/AirCommandAlpha/Content/Particles/NE_HitEnemy2.uexp" 1404
"D:/Unreal Projects/AirCommandAlpha/Content/Blueprints/ProjectilesPlayer/BP_ProjectilePlayerBase.uasset" 1405
"D:/Unreal Projects/AirCommandAlpha/Content/Blueprints/ProjectilesPlayer/BP_ProjectilePlayerBase.uexp" 1406
"D:/Unreal Projects/AirCommandAlpha/Content/Materials/Base_Colors/M_Arrows.uasset" 1407
"D:/Unreal Projects/AirCommandAlpha/Content/Materials/Base_Colors/M_Arrows.uexp" 1408
"D:/Unreal Projects/AirCommandAlpha/Content/Art/StaticMeshes/Projectiles/MissilePlayer.ubulk" 1409
"D:/Unreal Projects/AirCommandAlpha/Content/Art/StaticMeshes/Projectiles/MissilePlayer.uasset" 1410
"D:/Unreal Projects/AirCommandAlpha/Content/Art/StaticMeshes/Projectiles/MissilePlayer.uexp" 1411
"D:/Unreal Projects/AirCommandAlpha/Content/Blueprints/ProjectilesPlayer/BP_ProjectilePlayerRocket.uasset" 1412
"D:/Unreal Projects/AirCommandAlpha/Content/Blueprints/ProjectilesPlayer/BP_ProjectilePlayerRocket.uexp" 1413
"D:/Unreal Projects/AirCommandAlpha/Content/Blueprints/ProjectilesPlayer/BP_ProjectilePlayerPrimary.uasset" 1414
"D:/Unreal Projects/AirCommandAlpha/Content/Blueprints/ProjectilesPlayer/BP_ProjectilePlayerPrimary.uexp" 1415
"D:/Unreal Projects/AirCommandAlpha/Content/Blueprints/ProjectilesPlayer/BP_ProjectilePlayerPowered.uasset" 1416
"D:/Unreal Projects/AirCommandAlpha/Content/Blueprints/ProjectilesPlayer/BP_ProjectilePlayerPowered.uexp" 1417
"D:/Unreal Projects/AirCommandAlpha/Content/Art/Materials/M_Arrows.uasset" 1418
"D:/Unreal Projects/AirCommandAlpha/Content/Art/Materials/M_Arrows.uexp" 1419
"D:/Unreal Projects/AirCommandAlpha/Content/Materials/Base_Materials/M_00BaseColor.uasset" 1420
"D:/Unreal Projects/AirCommandAlpha/Content/Materials/Base_Materials/M_00BaseColor.uexp" 1421
"D:/Unreal Projects/AirCommandAlpha/Content/Materials/Base_Colors/M_04Orange.uasset" 1422
"D:/Unreal Projects/AirCommandAlpha/Content/Materials/Base_Colors/M_04Orange.uexp" 1423
"D:/Unreal Projects/AirCommandAlpha/Content/Art/StaticMeshes/Enemies/BombEnemy.ubulk" 1424
"D:/Unreal Projects/AirCommandAlpha/Content/Art/StaticMeshes/Enemies/BombEnemy.uasset" 1425
"D:/Unreal Projects/AirCommandAlpha/Content/Art/StaticMeshes/Enemies/BombEnemy.uexp" 1426
"D:/Unreal Projects/AirCommandAlpha/Content/Blueprints/ProjectilesPlayer/BPI_Damageable.uasset" 1427
"D:/Unreal Projects/AirCommandAlpha/Content/Blueprints/ProjectilesPlayer/BPI_Damageable.uexp" 1428
"D:/Unreal Projects/AirCommandAlpha/Content/Blueprints/ProjectilesPlayer/BP_ProjectileBomb.uasset" 1429
"D:/Unreal Projects/AirCommandAlpha/Content/Blueprints/ProjectilesPlayer/BP_ProjectileBomb.uexp" 1430
"D:/Unreal Projects/AirCommandAlpha/Content/SHMUP_starter/Materials/Bullet_Mat.uasset" 1431
"D:/Unreal Projects/AirCommandAlpha/Content/SHMUP_starter/Materials/Bullet_Mat.uexp" 1432
"D:/Unreal Projects/AirCommandAlpha/Content/SHMUP_starter/Materials/Bullet_Mat_Inst2.uasset" 1433
"D:/Unreal Projects/AirCommandAlpha/Content/SHMUP_starter/Materials/Bullet_Mat_Inst2.uexp" 1434
"D:/Unreal Projects/AirCommandAlpha/Content/SHMUP_starter/Particles/P_Explosion.uasset" 1435
"D:/Unreal Projects/AirCommandAlpha/Content/SHMUP_starter/Particles/P_Explosion.uexp" 1436
"D:/Unreal Projects/AirCommandAlpha/Content/SHMUP_starter/Blueprints/FX/Explosion_BP.uasset" 1437
"D:/Unreal Projects/AirCommandAlpha/Content/SHMUP_starter/Blueprints/FX/Explosion_BP.uexp" 1438
"D:/Unreal Projects/AirCommandAlpha/Content/Art/StaticMeshes/Enemies/MissilePlayer.ubulk" 1439
"D:/Unreal Projects/AirCommandAlpha/Content/Art/StaticMeshes/Enemies/MissilePlayer.uasset" 1440
"D:/Unreal Projects/AirCommandAlpha/Content/Art/StaticMeshes/Enemies/MissilePlayer.uexp" 1441
"D:/Unreal Projects/AirCommandAlpha/Content/Blueprints/Player/bpPlayer.uasset" 1442
"D:/Unreal Projects/AirCommandAlpha/Content/Blueprints/Player/bpPlayer.uexp" 1443
"D:/Unreal Projects/AirCommandAlpha/Content/Blueprints/UI/HUD_Graphics/Ship1.uasset" 1444
"D:/Unreal Projects/AirCommandAlpha/Content/Blueprints/UI/HUD_Graphics/Ship1.uexp" 1445
"D:/Unreal Projects/AirCommandAlpha/Content/Blueprints/UI/HUD_Graphics/WBP_SingleShipIcon.uasset" 1446
"D:/Unreal Projects/AirCommandAlpha/Content/Blueprints/UI/HUD_Graphics/WBP_SingleShipIcon.uexp" 1447
"D:/Unreal Projects/AirCommandAlpha/Content/Blueprints/UI/HUD_Graphics/MissilesRight.uasset" 1448
"D:/Unreal Projects/AirCommandAlpha/Content/Blueprints/UI/HUD_Graphics/MissilesRight.uexp" 1449
"D:/Unreal Projects/AirCommandAlpha/Content/Blueprints/UI/HUD_Graphics/MissilesLeft.uasset" 1450
"D:/Unreal Projects/AirCommandAlpha/Content/Blueprints/UI/HUD_Graphics/MissilesLeft.uexp" 1451
"D:/Unreal Projects/AirCommandAlpha/Content/Blueprints/UI/HUD_Graphics/Bombs.uasset" 1452
"D:/Unreal Projects/AirCommandAlpha/Content/Blueprints/UI/HUD_Graphics/Bombs.uexp" 1453
"D:/Unreal Projects/AirCommandAlpha/Content/UltimateMenu/UserInterface/Examples/InGame/WB_InGame.uasset" 1454
"D:/Unreal Projects/AirCommandAlpha/Content/UltimateMenu/UserInterface/Examples/InGame/WB_InGame.uexp" 1455
"D:/Unreal Projects/AirCommandAlpha/Content/UltimateMenu/UserInterface/Examples/InGame/WB_PausedAudioSettings.uasset" 1456
"D:/Unreal Projects/AirCommandAlpha/Content/UltimateMenu/UserInterface/Examples/InGame/WB_PausedAudioSettings.uexp" 1457
"D:/Unreal Projects/AirCommandAlpha/Content/UltimateMenu/UserInterface/Examples/InGame/WB_PausedGameplaySettings.uasset" 1458
"D:/Unreal Projects/AirCommandAlpha/Content/UltimateMenu/UserInterface/Examples/InGame/WB_PausedGameplaySettings.uexp" 1459
"D:/Unreal Projects/AirCommandAlpha/Content/UltimateMenu/UserInterface/Examples/InGame/WB_PausedKeybindingsPanel.uasset" 1460
"D:/Unreal Projects/AirCommandAlpha/Content/UltimateMenu/UserInterface/Examples/InGame/WB_PausedKeybindingsPanel.uexp" 1461
"D:/Unreal Projects/AirCommandAlpha/Content/UltimateMenu/UserInterface/Examples/InGame/WB_PausedVideoSettings.uasset" 1462
"D:/Unreal Projects/AirCommandAlpha/Content/UltimateMenu/UserInterface/Examples/InGame/WB_PausedVideoSettings.uexp" 1463
"D:/Unreal Projects/AirCommandAlpha/Content/UltimateMenu/UserInterface/Textures/T_User.uasset" 1464
"D:/Unreal Projects/AirCommandAlpha/Content/UltimateMenu/UserInterface/Textures/T_User.uexp" 1465
"D:/Unreal Projects/AirCommandAlpha/Content/UltimateMenu/UserInterface/Textures/T_TimeIcon.uasset" 1466
"D:/Unreal Projects/AirCommandAlpha/Content/UltimateMenu/UserInterface/Textures/T_TimeIcon.uexp" 1467
"D:/Unreal Projects/AirCommandAlpha/Content/UltimateMenu/UserInterface/Textures/T_LocationMark.uasset" 1468
"D:/Unreal Projects/AirCommandAlpha/Content/UltimateMenu/UserInterface/Textures/T_LocationMark.uexp" 1469
"D:/Unreal Projects/AirCommandAlpha/Content/UltimateMenu/UserInterface/Examples/MainMenu/WB_BattleRoyaleGameMode.uasset" 1470
"D:/Unreal Projects/AirCommandAlpha/Content/UltimateMenu/UserInterface/Examples/MainMenu/WB_BattleRoyaleGameMode.uexp" 1471
"D:/Unreal Projects/AirCommandAlpha/Content/UltimateMenu/UserInterface/Examples/MainMenu/WB_BreakthroughGameMode.uasset" 1472
"D:/Unreal Projects/AirCommandAlpha/Content/UltimateMenu/UserInterface/Examples/MainMenu/WB_BreakthroughGameMode.uexp" 1473
"D:/Unreal Projects/AirCommandAlpha/Content/UltimateMenu/UserInterface/Examples/MainMenu/WB_ConquestGameMode.uasset" 1474
"D:/Unreal Projects/AirCommandAlpha/Content/UltimateMenu/UserInterface/Examples/MainMenu/WB_ConquestGameMode.uexp" 1475
"D:/Unreal Projects/AirCommandAlpha/Content/UltimateMenu/UserInterface/Examples/MainMenu/WB_DifficultiesPanel.uasset" 1476
"D:/Unreal Projects/AirCommandAlpha/Content/UltimateMenu/UserInterface/Examples/MainMenu/WB_DifficultiesPanel.uexp" 1477
"D:/Unreal Projects/AirCommandAlpha/Content/UltimateMenu/UserInterface/MenuElements/WB_FocusableText.uasset" 1478
"D:/Unreal Projects/AirCommandAlpha/Content/UltimateMenu/UserInterface/MenuElements/WB_FocusableText.uexp" 1479
"D:/Unreal Projects/AirCommandAlpha/Content/UltimateMenu/Blueprints/Data/Enums/Enum_NewGameResult.uasset" 1480
"D:/Unreal Projects/AirCommandAlpha/Content/UltimateMenu/Blueprints/Data/Enums/Enum_NewGameResult.uexp" 1481
"D:/Unreal Projects/AirCommandAlpha/Content/UltimateMenu/UserInterface/Examples/MainMenu/WB_NewGamePanel.uasset" 1482
"D:/Unreal Projects/AirCommandAlpha/Content/UltimateMenu/UserInterface/Examples/MainMenu/WB_NewGamePanel.uexp" 1483
"D:/Unreal Projects/AirCommandAlpha/Content/UltimateMenu/UserInterface/Examples/MainMenu/WB_StoryModePanel.uasset" 1484
"D:/Unreal Projects/AirCommandAlpha/Content/UltimateMenu/UserInterface/Examples/MainMenu/WB_StoryModePanel.uexp" 1485
"D:/Unreal Projects/AirCommandAlpha/Content/UltimateMenu/UserInterface/Examples/Multiplayer/WB_HostGame.uasset" 1486
"D:/Unreal Projects/AirCommandAlpha/Content/UltimateMenu/UserInterface/Examples/Multiplayer/WB_HostGame.uexp" 1487
"D:/Unreal Projects/AirCommandAlpha/Content/UltimateMenu/UserInterface/Materials/MI_TitleBorderCenterV.uasset" 1488
"D:/Unreal Projects/AirCommandAlpha/Content/UltimateMenu/UserInterface/Materials/MI_TitleBorderCenterV.uexp" 1489
"D:/Unreal Projects/AirCommandAlpha/Content/UltimateMenu/UserInterface/Textures/T_Signal.uasset" 1490
"D:/Unreal Projects/AirCommandAlpha/Content/UltimateMenu/UserInterface/Textures/T_Signal.uexp" 1491
"D:/Unreal Projects/AirCommandAlpha/Content/UltimateMenu/UserInterface/Constructors/WB_SingleServer.uasset" 1492
"D:/Unreal Projects/AirCommandAlpha/Content/UltimateMenu/UserInterface/Constructors/WB_SingleServer.uexp" 1493
"D:/Unreal Projects/AirCommandAlpha/Content/UltimateMenu/UserInterface/Examples/Multiplayer/WB_FindGame.uasset" 1494
"D:/Unreal Projects/AirCommandAlpha/Content/UltimateMenu/UserInterface/Examples/Multiplayer/WB_FindGame.uexp" 1495
"D:/Unreal Projects/AirCommandAlpha/Content/UltimateMenu/UserInterface/Examples/Multiplayer/WB_TabbedMultiplayerGame.uasset" 1496
"D:/Unreal Projects/AirCommandAlpha/Content/UltimateMenu/UserInterface/Examples/Multiplayer/WB_TabbedMultiplayerGame.uexp" 1497
"D:/Unreal Projects/AirCommandAlpha/Content/UltimateMenu/UserInterface/Textures/T_ShieldSword.uasset" 1498
"D:/Unreal Projects/AirCommandAlpha/Content/UltimateMenu/UserInterface/Textures/T_ShieldSword.uexp" 1499
"D:/Unreal Projects/AirCommandAlpha/Content/UltimateMenu/UserInterface/Textures/T_Scroll.uasset" 1500
"D:/Unreal Projects/AirCommandAlpha/Content/UltimateMenu/UserInterface/Textures/T_Scroll.uexp" 1501
"D:/Unreal Projects/AirCommandAlpha/Content/UltimateMenu/UserInterface/Examples/Multiplayer/WB_MultiplayerPanel.uasset" 1502
"D:/Unreal Projects/AirCommandAlpha/Content/UltimateMenu/UserInterface/Examples/Multiplayer/WB_MultiplayerPanel.uexp" 1503
"D:/Unreal Projects/AirCommandAlpha/Content/UltimateMenu/UserInterface/Examples/WB_Credits.uasset" 1504
"D:/Unreal Projects/AirCommandAlpha/Content/UltimateMenu/UserInterface/Examples/WB_Credits.uexp" 1505
"D:/Unreal Projects/AirCommandAlpha/Content/UltimateMenu/UserInterface/Examples/WB_Examples.uasset" 1506
"D:/Unreal Projects/AirCommandAlpha/Content/UltimateMenu/UserInterface/Examples/WB_Examples.uexp" 1507
"D:/Unreal Projects/AirCommandAlpha/Content/UltimateMenu/UserInterface/Examples/MainMenu/WB_AppearancePanel.uasset" 1508
"D:/Unreal Projects/AirCommandAlpha/Content/UltimateMenu/UserInterface/Examples/MainMenu/WB_AppearancePanel.uexp" 1509
"D:/Unreal Projects/AirCommandAlpha/Content/UltimateMenu/UserInterface/Examples/MainMenu/WB_EmptyContent.uasset" 1510
"D:/Unreal Projects/AirCommandAlpha/Content/UltimateMenu/UserInterface/Examples/MainMenu/WB_EmptyContent.uexp" 1511
"D:/Unreal Projects/AirCommandAlpha/Content/UltimateMenu/UserInterface/Examples/MainMenu/WB_MainMenuPanel.uasset" 1512
"D:/Unreal Projects/AirCommandAlpha/Content/UltimateMenu/UserInterface/Examples/MainMenu/WB_MainMenuPanel.uexp" 1513
"D:/Unreal Projects/AirCommandAlpha/Content/UltimateMenu/UserInterface/Examples/MainMenu/WB_PlayMenuPanel.uasset" 1514
"D:/Unreal Projects/AirCommandAlpha/Content/UltimateMenu/UserInterface/Examples/MainMenu/WB_PlayMenuPanel.uexp" 1515
"D:/Unreal Projects/AirCommandAlpha/Content/UltimateMenu/UserInterface/Examples/WB_TabbedMainMenuPanel.uasset" 1516
"D:/Unreal Projects/AirCommandAlpha/Content/UltimateMenu/UserInterface/Examples/WB_TabbedMainMenuPanel.uexp" 1517
"D:/Unreal Projects/AirCommandAlpha/Content/UltimateMenu/UserInterface/WB_MenuMaster.uasset" 1518
"D:/Unreal Projects/AirCommandAlpha/Content/UltimateMenu/UserInterface/WB_MenuMaster.uexp" 1519
"D:/Unreal Projects/AirCommandAlpha/Content/UltimateMenu/Blueprints/Data/Interfaces/Interface_UMS_GameInstance.uasset" 1520
"D:/Unreal Projects/AirCommandAlpha/Content/UltimateMenu/Blueprints/Data/Interfaces/Interface_UMS_GameInstance.uexp" 1521
"D:/Unreal Projects/AirCommandAlpha/Content/UltimateMenu/Blueprints/Data/Libraries/FL_UltimateMenuSystem.uasset" 1522
"D:/Unreal Projects/AirCommandAlpha/Content/UltimateMenu/Blueprints/Data/Libraries/FL_UltimateMenuSystem.uexp" 1523
"D:/Unreal Projects/AirCommandAlpha/Content/UltimateMenu/UserInterface/Constructors/WB_TabMenuConstructor.uasset" 1524
"D:/Unreal Projects/AirCommandAlpha/Content/UltimateMenu/UserInterface/Constructors/WB_TabMenuConstructor.uexp" 1525
"D:/Unreal Projects/AirCommandAlpha/Content/UltimateMenu/Blueprints/Data/Interfaces/Interface_MenuManager.uasset" 1526
"D:/Unreal Projects/AirCommandAlpha/Content/UltimateMenu/Blueprints/Data/Interfaces/Interface_MenuManager.uexp" 1527
"D:/Unreal Projects/AirCommandAlpha/Content/UltimateMenu/UserInterface/Constructors/WB_SingleSaveButton.uasset" 1528
"D:/Unreal Projects/AirCommandAlpha/Content/UltimateMenu/UserInterface/Constructors/WB_SingleSaveButton.uexp" 1529
"D:/Unreal Projects/AirCommandAlpha/Content/UltimateMenu/UserInterface/Examples/MainMenu/WB_LoadGamePanel.uasset" 1530
"D:/Unreal Projects/AirCommandAlpha/Content/UltimateMenu/UserInterface/Examples/MainMenu/WB_LoadGamePanel.uexp" 1531
"D:/Unreal Projects/AirCommandAlpha/Content/Textures/LandscapeT/T_02dBrown.ubulk" 1532
"D:/Unreal Projects/AirCommandAlpha/Content/Textures/LandscapeT/T_02dBrown.uasset" 1533
"D:/Unreal Projects/AirCommandAlpha/Content/Textures/LandscapeT/T_02dBrown.uexp" 1534
"D:/Unreal Projects/AirCommandAlpha/Content/Materials/LandscapeM/M_02Brown.uasset" 1535
"D:/Unreal Projects/AirCommandAlpha/Content/Materials/LandscapeM/M_02Brown.uexp" 1536
"D:/Unreal Projects/AirCommandAlpha/Content/Textures/LandscapeT/T_07b_Planet.ubulk" 1537
"D:/Unreal Projects/AirCommandAlpha/Content/Textures/LandscapeT/T_07b_Planet.uasset" 1538
"D:/Unreal Projects/AirCommandAlpha/Content/Textures/LandscapeT/T_07b_Planet.uexp" 1539
"D:/Unreal Projects/AirCommandAlpha/Content/Materials/LandscapeM/M_07bPlanet1.uasset" 1540
"D:/Unreal Projects/AirCommandAlpha/Content/Materials/LandscapeM/M_07bPlanet1.uexp" 1541
"D:/Unreal Projects/AirCommandAlpha/Content/Materials/LandscapeM/Material_Instances/M_07bPlanet1_Inst.uasset" 1542
"D:/Unreal Projects/AirCommandAlpha/Content/Materials/LandscapeM/Material_Instances/M_07bPlanet1_Inst.uexp" 1543
"../../../Engine/Content/BasicShapes/Plane.ubulk" 1544
"../../../Engine/Content/BasicShapes/Plane.uasset" 1545
"../../../Engine/Content/BasicShapes/Plane.uexp" 1546
"D:/Unreal Projects/AirCommandAlpha/Content/Textures/UI_Images/LL_CHECK_POINT.uasset" 1547
"D:/Unreal Projects/AirCommandAlpha/Content/Textures/UI_Images/LL_CHECK_POINT.uexp" 1548
"D:/Unreal Projects/AirCommandAlpha/Content/Textures/UI_Images/LLM01.uasset" 1549
"D:/Unreal Projects/AirCommandAlpha/Content/Textures/UI_Images/LLM01.uexp" 1550
"D:/Unreal Projects/AirCommandAlpha/Content/Materials/Base_Materials/M_Label.uasset" 1551
"D:/Unreal Projects/AirCommandAlpha/Content/Materials/Base_Materials/M_Label.uexp" 1552
"D:/Unreal Projects/AirCommandAlpha/Content/Materials/Base_Materials/M_Label_Inst_00d.uasset" 1553
"D:/Unreal Projects/AirCommandAlpha/Content/Materials/Base_Materials/M_Label_Inst_00d.uexp" 1554
"D:/Unreal Projects/AirCommandAlpha/Content/Blueprints/LevelTriggers/Lvl01ChckPts/BP_Lvl1_ChkPt4.uasset" 1555
"D:/Unreal Projects/AirCommandAlpha/Content/Blueprints/LevelTriggers/Lvl01ChckPts/BP_Lvl1_ChkPt4.uexp" 1556
"D:/Unreal Projects/AirCommandAlpha/Content/Materials/Base_Materials/M_Label_Inst_00c.uasset" 1557
"D:/Unreal Projects/AirCommandAlpha/Content/Materials/Base_Materials/M_Label_Inst_00c.uexp" 1558
"D:/Unreal Projects/AirCommandAlpha/Content/Blueprints/LevelTriggers/Lvl01ChckPts/BP_Lvl1_ChkPt3.uasset" 1559
"D:/Unreal Projects/AirCommandAlpha/Content/Blueprints/LevelTriggers/Lvl01ChckPts/BP_Lvl1_ChkPt3.uexp" 1560
"D:/Unreal Projects/AirCommandAlpha/Content/Materials/Base_Materials/M_Label_Inst_00b.uasset" 1561
"D:/Unreal Projects/AirCommandAlpha/Content/Materials/Base_Materials/M_Label_Inst_00b.uexp" 1562
"D:/Unreal Projects/AirCommandAlpha/Content/Blueprints/LevelTriggers/Lvl01ChckPts/BP_Lvl1_ChkPt2.uasset" 1563
"D:/Unreal Projects/AirCommandAlpha/Content/Blueprints/LevelTriggers/Lvl01ChckPts/BP_Lvl1_ChkPt2.uexp" 1564
"D:/Unreal Projects/AirCommandAlpha/Content/Materials/Base_Materials/M_Label_Inst_00a.uasset" 1565
"D:/Unreal Projects/AirCommandAlpha/Content/Materials/Base_Materials/M_Label_Inst_00a.uexp" 1566
"D:/Unreal Projects/AirCommandAlpha/Content/Blueprints/LevelTriggers/Lvl01ChckPts/BP_Lvl1_ChkPt1.uasset" 1567
"D:/Unreal Projects/AirCommandAlpha/Content/Blueprints/LevelTriggers/Lvl01ChckPts/BP_Lvl1_ChkPt1.uexp" 1568
"../../../Engine/Content/EditorMaterials/HelpFlatColour.uasset" 1569
"../../../Engine/Content/EditorMaterials/HelpFlatColour.uexp" 1570
"../../../Engine/Content/EditorMaterials/HelpFlatColour_W_Inst.uasset" 1571
"../../../Engine/Content/EditorMaterials/HelpFlatColour_W_Inst.uexp" 1572
"D:/Unreal Projects/AirCommandAlpha/Content/Art/StaticMeshes/Buildings/Building_01.ubulk" 1573
"D:/Unreal Projects/AirCommandAlpha/Content/Art/StaticMeshes/Buildings/Building_01.uasset" 1574
"D:/Unreal Projects/AirCommandAlpha/Content/Art/StaticMeshes/Buildings/Building_01.uexp" 1575
"../../../Engine/Content/EngineMaterials/DefaultPhysicalMaterial.uasset" 1576
"../../../Engine/Content/EngineMaterials/DefaultPhysicalMaterial.uexp" 1577
"D:/Unreal Projects/AirCommandAlpha/Content/Maps/Levels/08_BlackLevel.uexp" 1578
"D:/Unreal Projects/AirCommandAlpha/Content/Maps/Levels/08_BlackLevel.umap" 1579
"D:/Unreal Projects/AirCommandAlpha/Content/Textures/UI_Images/LLM08.uasset" 1580
"D:/Unreal Projects/AirCommandAlpha/Content/Textures/UI_Images/LLM08.uexp" 1581
"D:/Unreal Projects/AirCommandAlpha/Content/Materials/Base_Materials/M_Label_Inst_08.uasset" 1582
"D:/Unreal Projects/AirCommandAlpha/Content/Materials/Base_Materials/M_Label_Inst_08.uexp" 1583
"D:/Unreal Projects/AirCommandAlpha/Content/Blueprints/LevelTriggers/BP_08_OpenLvl.uasset" 1584
"D:/Unreal Projects/AirCommandAlpha/Content/Blueprints/LevelTriggers/BP_08_OpenLvl.uexp" 1585
"D:/Unreal Projects/AirCommandAlpha/Content/Materials/LandscapeM/LandscapeMaterials/SpaceB_LayerInfo.uasset" 1586
"D:/Unreal Projects/AirCommandAlpha/Content/Materials/LandscapeM/LandscapeMaterials/SpaceB_LayerInfo.uexp" 1587
"D:/Unreal Projects/AirCommandAlpha/Content/Materials/LandscapeM/LandscapeMaterials/SpaceA_LayerInfo.uasset" 1588
"D:/Unreal Projects/AirCommandAlpha/Content/Materials/LandscapeM/LandscapeMaterials/SpaceA_LayerInfo.uexp" 1589
"D:/Unreal Projects/AirCommandAlpha/Content/Textures/LandscapeT/T_05bBlack.ubulk" 1590
"D:/Unreal Projects/AirCommandAlpha/Content/Textures/LandscapeT/T_05bBlack.uasset" 1591
"D:/Unreal Projects/AirCommandAlpha/Content/Textures/LandscapeT/T_05bBlack.uexp" 1592
"D:/Unreal Projects/AirCommandAlpha/Content/Textures/LandscapeT/T_05aBlack.ubulk" 1593
"D:/Unreal Projects/AirCommandAlpha/Content/Textures/LandscapeT/T_05aBlack.uasset" 1594
"D:/Unreal Projects/AirCommandAlpha/Content/Textures/LandscapeT/T_05aBlack.uexp" 1595
"../../../Engine/Content/EngineMaterials/WeightMapPlaceholderTexture.uasset" 1596
"../../../Engine/Content/EngineMaterials/WeightMapPlaceholderTexture.uexp" 1597
"../../../Engine/Content/EngineMaterials/WeightMapArrayPlaceholderTexture.uasset" 1598
"../../../Engine/Content/EngineMaterials/WeightMapArrayPlaceholderTexture.uexp" 1599
"D:/Unreal Projects/AirCommandAlpha/Content/Materials/LandscapeM/LandscapeMaterials/M_Space.uasset" 1600
"D:/Unreal Projects/AirCommandAlpha/Content/Materials/LandscapeM/LandscapeMaterials/M_Space.uexp" 1601
"D:/Unreal Projects/AirCommandAlpha/Content/Maps/Levels/07_PurpleLevel.uexp" 1602
"D:/Unreal Projects/AirCommandAlpha/Content/Maps/Levels/07_PurpleLevel.umap" 1603
"D:/Unreal Projects/AirCommandAlpha/Content/Textures/UI_Images/Level_Label_07.uasset" 1604
"D:/Unreal Projects/AirCommandAlpha/Content/Textures/UI_Images/Level_Label_07.uexp" 1605
"D:/Unreal Projects/AirCommandAlpha/Content/Materials/Base_Materials/M_Label_Inst_07.uasset" 1606
"D:/Unreal Projects/AirCommandAlpha/Content/Materials/Base_Materials/M_Label_Inst_07.uexp" 1607
"D:/Unreal Projects/AirCommandAlpha/Content/Blueprints/LevelTriggers/BP_07_OpenLvl.uasset" 1608
"D:/Unreal Projects/AirCommandAlpha/Content/Blueprints/LevelTriggers/BP_07_OpenLvl.uexp" 1609
"D:/Unreal Projects/AirCommandAlpha/Content/Textures/LandscapeT/T_06dMoon.ubulk" 1610
"D:/Unreal Projects/AirCommandAlpha/Content/Textures/LandscapeT/T_06dMoon.uasset" 1611
"D:/Unreal Projects/AirCommandAlpha/Content/Textures/LandscapeT/T_06dMoon.uexp" 1612
"D:/Unreal Projects/AirCommandAlpha/Content/Textures/LandscapeT/T_06cMoon.ubulk" 1613
"D:/Unreal Projects/AirCommandAlpha/Content/Textures/LandscapeT/T_06cMoon.uasset" 1614
"D:/Unreal Projects/AirCommandAlpha/Content/Textures/LandscapeT/T_06cMoon.uexp" 1615
"D:/Unreal Projects/AirCommandAlpha/Content/Textures/LandscapeT/T_06bMoon.ubulk" 1616
"D:/Unreal Projects/AirCommandAlpha/Content/Textures/LandscapeT/T_06bMoon.uasset" 1617
"D:/Unreal Projects/AirCommandAlpha/Content/Textures/LandscapeT/T_06bMoon.uexp" 1618
"D:/Unreal Projects/AirCommandAlpha/Content/Textures/LandscapeT/T_06aMoon.ubulk" 1619
"D:/Unreal Projects/AirCommandAlpha/Content/Textures/LandscapeT/T_06aMoon.uasset" 1620
"D:/Unreal Projects/AirCommandAlpha/Content/Textures/LandscapeT/T_06aMoon.uexp" 1621
"D:/Unreal Projects/AirCommandAlpha/Content/Textures/LandscapeT/NormalMaps/T_06dMoon_NRM.ubulk" 1622
"D:/Unreal Projects/AirCommandAlpha/Content/Textures/LandscapeT/NormalMaps/T_06dMoon_NRM.uasset" 1623
"D:/Unreal Projects/AirCommandAlpha/Content/Textures/LandscapeT/NormalMaps/T_06dMoon_NRM.uexp" 1624
"D:/Unreal Projects/AirCommandAlpha/Content/Textures/LandscapeT/NormalMaps/T_06cMoon_NRM.ubulk" 1625
"D:/Unreal Projects/AirCommandAlpha/Content/Textures/LandscapeT/NormalMaps/T_06cMoon_NRM.uasset" 1626
"D:/Unreal Projects/AirCommandAlpha/Content/Textures/LandscapeT/NormalMaps/T_06cMoon_NRM.uexp" 1627
"D:/Unreal Projects/AirCommandAlpha/Content/Textures/LandscapeT/NormalMaps/T_06bMoon_NRM.ubulk" 1628
"D:/Unreal Projects/AirCommandAlpha/Content/Textures/LandscapeT/NormalMaps/T_06bMoon_NRM.uasset" 1629
"D:/Unreal Projects/AirCommandAlpha/Content/Textures/LandscapeT/NormalMaps/T_06bMoon_NRM.uexp" 1630
"D:/Unreal Projects/AirCommandAlpha/Content/Textures/LandscapeT/NormalMaps/T_06aMoon_NRM.ubulk" 1631
"D:/Unreal Projects/AirCommandAlpha/Content/Textures/LandscapeT/NormalMaps/T_06aMoon_NRM.uasset" 1632
"D:/Unreal Projects/AirCommandAlpha/Content/Textures/LandscapeT/NormalMaps/T_06aMoon_NRM.uexp" 1633
"D:/Unreal Projects/AirCommandAlpha/Content/Materials/LandscapeM/LandscapeMaterials/M_MoonSurface.uasset" 1634
"D:/Unreal Projects/AirCommandAlpha/Content/Materials/LandscapeM/LandscapeMaterials/M_MoonSurface.uexp" 1635
"D:/Unreal Projects/AirCommandAlpha/Content/Materials/LandscapeM/LandscapeMaterials/Moon_smCraters_LayerInfo.uasset" 1636
"D:/Unreal Projects/AirCommandAlpha/Content/Materials/LandscapeM/LandscapeMaterials/Moon_smCraters_LayerInfo.uexp" 1637
"D:/Unreal Projects/AirCommandAlpha/Content/Materials/LandscapeM/LandscapeMaterials/Moon_LgCrater_LayerInfo.uasset" 1638
"D:/Unreal Projects/AirCommandAlpha/Content/Materials/LandscapeM/LandscapeMaterials/Moon_LgCrater_LayerInfo.uexp" 1639
"D:/Unreal Projects/AirCommandAlpha/Content/Materials/LandscapeM/LandscapeMaterials/Moon_Craters_LayerInfo.uasset" 1640
"D:/Unreal Projects/AirCommandAlpha/Content/Materials/LandscapeM/LandscapeMaterials/Moon_Craters_LayerInfo.uexp" 1641
"D:/Unreal Projects/AirCommandAlpha/Content/Materials/LandscapeM/LandscapeMaterials/Moon_Blank_LayerInfo.uasset" 1642
"D:/Unreal Projects/AirCommandAlpha/Content/Materials/LandscapeM/LandscapeMaterials/Moon_Blank_LayerInfo.uexp" 1643
"D:/Unreal Projects/AirCommandAlpha/Content/Materials/LandscapeM/M_06bMoon.uasset" 1644
"D:/Unreal Projects/AirCommandAlpha/Content/Materials/LandscapeM/M_06bMoon.uexp" 1645
"D:/Unreal Projects/AirCommandAlpha/Content/Materials/LandscapeM/Material_Instances/M_06bMoon_Inst1.uasset" 1646
"D:/Unreal Projects/AirCommandAlpha/Content/Materials/LandscapeM/Material_Instances/M_06bMoon_Inst1.uexp" 1647
"D:/Unreal Projects/AirCommandAlpha/Content/Art/StaticMeshes/LandscapeElements/06GrayLevel/Crater1.ubulk" 1648
"D:/Unreal Projects/AirCommandAlpha/Content/Art/StaticMeshes/LandscapeElements/06GrayLevel/Crater1.uasset" 1649
"D:/Unreal Projects/AirCommandAlpha/Content/Art/StaticMeshes/LandscapeElements/06GrayLevel/Crater1.uexp" 1650
"D:/Unreal Projects/AirCommandAlpha/Content/Maps/Levels/06_GrayLevel.uexp" 1651
"D:/Unreal Projects/AirCommandAlpha/Content/Maps/Levels/06_GrayLevel.umap" 1652
"D:/Unreal Projects/AirCommandAlpha/Content/Textures/UI_Images/Level_Label_06.uasset" 1653
"D:/Unreal Projects/AirCommandAlpha/Content/Textures/UI_Images/Level_Label_06.uexp" 1654
"D:/Unreal Projects/AirCommandAlpha/Content/Materials/Base_Materials/M_Label_Inst_06.uasset" 1655
"D:/Unreal Projects/AirCommandAlpha/Content/Materials/Base_Materials/M_Label_Inst_06.uexp" 1656
"D:/Unreal Projects/AirCommandAlpha/Content/Blueprints/LevelTriggers/BP_06_OpenLvl.uasset" 1657
"D:/Unreal Projects/AirCommandAlpha/Content/Blueprints/LevelTriggers/BP_06_OpenLvl.uexp" 1658
"D:/Unreal Projects/AirCommandAlpha/Content/Maps/Levels/05a_RedLevel.uexp" 1659
"D:/Unreal Projects/AirCommandAlpha/Content/Maps/Levels/05a_RedLevel.umap" 1660
"D:/Unreal Projects/AirCommandAlpha/Content/Textures/UI_Images/Level_Label_05.uasset" 1661
"D:/Unreal Projects/AirCommandAlpha/Content/Textures/UI_Images/Level_Label_05.uexp" 1662
"D:/Unreal Projects/AirCommandAlpha/Content/Materials/Base_Materials/M_Label_Inst_05.uasset" 1663
"D:/Unreal Projects/AirCommandAlpha/Content/Materials/Base_Materials/M_Label_Inst_05.uexp" 1664
"D:/Unreal Projects/AirCommandAlpha/Content/Blueprints/LevelTriggers/BP_05_OpenLvl.uasset" 1665
"D:/Unreal Projects/AirCommandAlpha/Content/Blueprints/LevelTriggers/BP_05_OpenLvl.uexp" 1666
"D:/Unreal Projects/AirCommandAlpha/Content/Textures/LandscapeT/T_04b_Blue.ubulk" 1667
"D:/Unreal Projects/AirCommandAlpha/Content/Textures/LandscapeT/T_04b_Blue.uasset" 1668
"D:/Unreal Projects/AirCommandAlpha/Content/Textures/LandscapeT/T_04b_Blue.uexp" 1669
"D:/Unreal Projects/AirCommandAlpha/Content/Materials/LandscapeM/M_04bBlue1.uasset" 1670
"D:/Unreal Projects/AirCommandAlpha/Content/Materials/LandscapeM/M_04bBlue1.uexp" 1671
"D:/Unreal Projects/AirCommandAlpha/Content/Materials/LandscapeM/Material_Instances/M_04bBlue1_Inst.uasset" 1672
"D:/Unreal Projects/AirCommandAlpha/Content/Materials/LandscapeM/Material_Instances/M_04bBlue1_Inst.uexp" 1673
"D:/Unreal Projects/AirCommandAlpha/Content/Maps/Levels/04_BlueLevel.uexp" 1674
"D:/Unreal Projects/AirCommandAlpha/Content/Maps/Levels/04_BlueLevel.umap" 1675
"D:/Unreal Projects/AirCommandAlpha/Content/Textures/UI_Images/Level_Label_04.uasset" 1676
"D:/Unreal Projects/AirCommandAlpha/Content/Textures/UI_Images/Level_Label_04.uexp" 1677
"D:/Unreal Projects/AirCommandAlpha/Content/Materials/Base_Materials/M_Label_Inst_04.uasset" 1678
"D:/Unreal Projects/AirCommandAlpha/Content/Materials/Base_Materials/M_Label_Inst_04.uexp" 1679
"D:/Unreal Projects/AirCommandAlpha/Content/Blueprints/LevelTriggers/BP_04_OpenLvl.uasset" 1680
"D:/Unreal Projects/AirCommandAlpha/Content/Blueprints/LevelTriggers/BP_04_OpenLvl.uexp" 1681
"D:/Unreal Projects/AirCommandAlpha/Content/Materials/LandscapeM/Material_Instances/M_02Brown_Inst1.uasset" 1682
"D:/Unreal Projects/AirCommandAlpha/Content/Materials/LandscapeM/Material_Instances/M_02Brown_Inst1.uexp" 1683
"D:/Unreal Projects/AirCommandAlpha/Content/Art/StaticMeshes/LandscapeElements/Boulder_01.ubulk" 1684
"D:/Unreal Projects/AirCommandAlpha/Content/Art/StaticMeshes/LandscapeElements/Boulder_01.uasset" 1685
"D:/Unreal Projects/AirCommandAlpha/Content/Art/StaticMeshes/LandscapeElements/Boulder_01.uexp" 1686
"D:/Unreal Projects/AirCommandAlpha/Content/Textures/LandscapeT/RockTexture01.ubulk" 1687
"D:/Unreal Projects/AirCommandAlpha/Content/Textures/LandscapeT/RockTexture01.uasset" 1688
"D:/Unreal Projects/AirCommandAlpha/Content/Textures/LandscapeT/RockTexture01.uexp" 1689
"D:/Unreal Projects/AirCommandAlpha/Content/Materials/LandscapeM/Rocks/00_RockMaster.uasset" 1690
"D:/Unreal Projects/AirCommandAlpha/Content/Materials/LandscapeM/Rocks/00_RockMaster.uexp" 1691
"D:/Unreal Projects/AirCommandAlpha/Content/Materials/LandscapeM/Rocks/03_Rock.uasset" 1692
"D:/Unreal Projects/AirCommandAlpha/Content/Materials/LandscapeM/Rocks/03_Rock.uexp" 1693
"D:/Unreal Projects/AirCommandAlpha/Content/Materials/LandscapeM/Rocks/02_Rock.uasset" 1694
"D:/Unreal Projects/AirCommandAlpha/Content/Materials/LandscapeM/Rocks/02_Rock.uexp" 1695
"D:/Unreal Projects/AirCommandAlpha/Content/Materials/LandscapeM/Rocks/01_Rock.uasset" 1696
"D:/Unreal Projects/AirCommandAlpha/Content/Materials/LandscapeM/Rocks/01_Rock.uexp" 1697
"D:/Unreal Projects/AirCommandAlpha/Content/Art/StaticMeshes/LandscapeElements/03OrangeLevel/Rock_Shelf6.ubulk" 1698
"D:/Unreal Projects/AirCommandAlpha/Content/Art/StaticMeshes/LandscapeElements/03OrangeLevel/Rock_Shelf6.uasset" 1699
"D:/Unreal Projects/AirCommandAlpha/Content/Art/StaticMeshes/LandscapeElements/03OrangeLevel/Rock_Shelf6.uexp" 1700
"D:/Unreal Projects/AirCommandAlpha/Content/Art/StaticMeshes/LandscapeElements/03OrangeLevel/Rock_Shelf5.ubulk" 1701
"D:/Unreal Projects/AirCommandAlpha/Content/Art/StaticMeshes/LandscapeElements/03OrangeLevel/Rock_Shelf5.uasset" 1702
"D:/Unreal Projects/AirCommandAlpha/Content/Art/StaticMeshes/LandscapeElements/03OrangeLevel/Rock_Shelf5.uexp" 1703
"D:/Unreal Projects/AirCommandAlpha/Content/Art/StaticMeshes/LandscapeElements/03OrangeLevel/Rock_Shelf4.ubulk" 1704
"D:/Unreal Projects/AirCommandAlpha/Content/Art/StaticMeshes/LandscapeElements/03OrangeLevel/Rock_Shelf4.uasset" 1705
"D:/Unreal Projects/AirCommandAlpha/Content/Art/StaticMeshes/LandscapeElements/03OrangeLevel/Rock_Shelf4.uexp" 1706
"D:/Unreal Projects/AirCommandAlpha/Content/Art/StaticMeshes/LandscapeElements/03OrangeLevel/Rock_Shelf3.ubulk" 1707
"D:/Unreal Projects/AirCommandAlpha/Content/Art/StaticMeshes/LandscapeElements/03OrangeLevel/Rock_Shelf3.uasset" 1708
"D:/Unreal Projects/AirCommandAlpha/Content/Art/StaticMeshes/LandscapeElements/03OrangeLevel/Rock_Shelf3.uexp" 1709
"D:/Unreal Projects/AirCommandAlpha/Content/Art/StaticMeshes/LandscapeElements/03OrangeLevel/Rock_Shelf2.ubulk" 1710
"D:/Unreal Projects/AirCommandAlpha/Content/Art/StaticMeshes/LandscapeElements/03OrangeLevel/Rock_Shelf2.uasset" 1711
"D:/Unreal Projects/AirCommandAlpha/Content/Art/StaticMeshes/LandscapeElements/03OrangeLevel/Rock_Shelf2.uexp" 1712
"D:/Unreal Projects/AirCommandAlpha/Content/Maps/Levels/03_OrangeLevel.uexp" 1713
"D:/Unreal Projects/AirCommandAlpha/Content/Maps/Levels/03_OrangeLevel.umap" 1714
"D:/Unreal Projects/AirCommandAlpha/Content/Maps/Levels/GameMain.uexp" 1715
"D:/Unreal Projects/AirCommandAlpha/Content/Maps/Levels/GameMain.umap" 1716
"D:/Unreal Projects/AirCommandAlpha/Content/Textures/UI_Images/Level_Label_03.uasset" 1717
"D:/Unreal Projects/AirCommandAlpha/Content/Textures/UI_Images/Level_Label_03.uexp" 1718
"D:/Unreal Projects/AirCommandAlpha/Content/Materials/Base_Materials/M_Label_Inst_03.uasset" 1719
"D:/Unreal Projects/AirCommandAlpha/Content/Materials/Base_Materials/M_Label_Inst_03.uexp" 1720
"D:/Unreal Projects/AirCommandAlpha/Content/Blueprints/LevelTriggers/BP_03_OpenLvl.uasset" 1721
"D:/Unreal Projects/AirCommandAlpha/Content/Blueprints/LevelTriggers/BP_03_OpenLvl.uexp" 1722
"D:/Unreal Projects/AirCommandAlpha/Content/Materials/LandscapeM/Grass_LayerInfo.uasset" 1723
"D:/Unreal Projects/AirCommandAlpha/Content/Materials/LandscapeM/Grass_LayerInfo.uexp" 1724
"D:/Unreal Projects/AirCommandAlpha/Content/Materials/LandscapeM/Dirt_LayerInfo.uasset" 1725
"D:/Unreal Projects/AirCommandAlpha/Content/Materials/LandscapeM/Dirt_LayerInfo.uexp" 1726
"D:/Unreal Projects/AirCommandAlpha/Content/Materials/LandscapeM/DirtyGrass_LayerInfo.uasset" 1727
"D:/Unreal Projects/AirCommandAlpha/Content/Materials/LandscapeM/DirtyGrass_LayerInfo.uexp" 1728
"D:/Unreal Projects/AirCommandAlpha/Content/Art/StaticMeshes/LandscapeElements/02GreenLevel/tree1.ubulk" 1729
"D:/Unreal Projects/AirCommandAlpha/Content/Art/StaticMeshes/LandscapeElements/02GreenLevel/tree1.uasset" 1730
"D:/Unreal Projects/AirCommandAlpha/Content/Art/StaticMeshes/LandscapeElements/02GreenLevel/tree1.uexp" 1731
"D:/Unreal Projects/AirCommandAlpha/Content/Art/StaticMeshes/LandscapeElements/02GreenLevel/tree1_FoliageType.uasset" 1732
"D:/Unreal Projects/AirCommandAlpha/Content/Art/StaticMeshes/LandscapeElements/02GreenLevel/tree1_FoliageType.uexp" 1733
"D:/Unreal Projects/AirCommandAlpha/Content/Art/StaticMeshes/LandscapeElements/Brown.uasset" 1734
"D:/Unreal Projects/AirCommandAlpha/Content/Art/StaticMeshes/LandscapeElements/Brown.uexp" 1735
"D:/Unreal Projects/AirCommandAlpha/Content/Art/StaticMeshes/LandscapeElements/02GreenLevel/Tree_1.ubulk" 1736
"D:/Unreal Projects/AirCommandAlpha/Content/Art/StaticMeshes/LandscapeElements/02GreenLevel/Tree_1.uasset" 1737
"D:/Unreal Projects/AirCommandAlpha/Content/Art/StaticMeshes/LandscapeElements/02GreenLevel/Tree_1.uexp" 1738
"D:/Unreal Projects/AirCommandAlpha/Content/Art/StaticMeshes/LandscapeElements/02GreenLevel/Tree_1_FoliageType.uasset" 1739
"D:/Unreal Projects/AirCommandAlpha/Content/Art/StaticMeshes/LandscapeElements/02GreenLevel/Tree_1_FoliageType.uexp" 1740
"D:/Unreal Projects/AirCommandAlpha/Content/Art/StaticMeshes/LandscapeElements/02GreenLevel/Tree_2.ubulk" 1741
"D:/Unreal Projects/AirCommandAlpha/Content/Art/StaticMeshes/LandscapeElements/02GreenLevel/Tree_2.uasset" 1742
"D:/Unreal Projects/AirCommandAlpha/Content/Art/StaticMeshes/LandscapeElements/02GreenLevel/Tree_2.uexp" 1743
"D:/Unreal Projects/AirCommandAlpha/Content/Art/StaticMeshes/LandscapeElements/02GreenLevel/Tree_2_FoliageType.uasset" 1744
"D:/Unreal Projects/AirCommandAlpha/Content/Art/StaticMeshes/LandscapeElements/02GreenLevel/Tree_2_FoliageType.uexp" 1745
"D:/Unreal Projects/AirCommandAlpha/Content/Art/StaticMeshes/LandscapeElements/02GreenLevel/Tree_3.ubulk" 1746
"D:/Unreal Projects/AirCommandAlpha/Content/Art/StaticMeshes/LandscapeElements/02GreenLevel/Tree_3.uasset" 1747
"D:/Unreal Projects/AirCommandAlpha/Content/Art/StaticMeshes/LandscapeElements/02GreenLevel/Tree_3.uexp" 1748
"D:/Unreal Projects/AirCommandAlpha/Content/Art/StaticMeshes/LandscapeElements/02GreenLevel/Tree_3_FoliageType.uasset" 1749
"D:/Unreal Projects/AirCommandAlpha/Content/Art/StaticMeshes/LandscapeElements/02GreenLevel/Tree_3_FoliageType.uexp" 1750
"D:/Unreal Projects/AirCommandAlpha/Content/Art/StaticMeshes/LandscapeElements/02GreenLevel/Tree_4.ubulk" 1751
"D:/Unreal Projects/AirCommandAlpha/Content/Art/StaticMeshes/LandscapeElements/02GreenLevel/Tree_4.uasset" 1752
"D:/Unreal Projects/AirCommandAlpha/Content/Art/StaticMeshes/LandscapeElements/02GreenLevel/Tree_4.uexp" 1753
"D:/Unreal Projects/AirCommandAlpha/Content/Art/StaticMeshes/LandscapeElements/02GreenLevel/Tree_4_FoliageType.uasset" 1754
"D:/Unreal Projects/AirCommandAlpha/Content/Art/StaticMeshes/LandscapeElements/02GreenLevel/Tree_4_FoliageType.uexp" 1755
"D:/Unreal Projects/AirCommandAlpha/Content/Art/StaticMeshes/LandscapeElements/02GreenLevel/Tree_6.ubulk" 1756
"D:/Unreal Projects/AirCommandAlpha/Content/Art/StaticMeshes/LandscapeElements/02GreenLevel/Tree_6.uasset" 1757
"D:/Unreal Projects/AirCommandAlpha/Content/Art/StaticMeshes/LandscapeElements/02GreenLevel/Tree_6.uexp" 1758
"D:/Unreal Projects/AirCommandAlpha/Content/Art/StaticMeshes/LandscapeElements/02GreenLevel/Tree_6_FoliageType.uasset" 1759
"D:/Unreal Projects/AirCommandAlpha/Content/Art/StaticMeshes/LandscapeElements/02GreenLevel/Tree_6_FoliageType.uexp" 1760
"D:/Unreal Projects/AirCommandAlpha/Content/Art/StaticMeshes/LandscapeElements/02GreenLevel/Tree_7.ubulk" 1761
"D:/Unreal Projects/AirCommandAlpha/Content/Art/StaticMeshes/LandscapeElements/02GreenLevel/Tree_7.uasset" 1762
"D:/Unreal Projects/AirCommandAlpha/Content/Art/StaticMeshes/LandscapeElements/02GreenLevel/Tree_7.uexp" 1763
"D:/Unreal Projects/AirCommandAlpha/Content/Art/StaticMeshes/LandscapeElements/02GreenLevel/Tree_7_FoliageType.uasset" 1764
"D:/Unreal Projects/AirCommandAlpha/Content/Art/StaticMeshes/LandscapeElements/02GreenLevel/Tree_7_FoliageType.uexp" 1765
"D:/Unreal Projects/AirCommandAlpha/Content/Art/StaticMeshes/LandscapeElements/02GreenLevel/Tree_8.ubulk" 1766
"D:/Unreal Projects/AirCommandAlpha/Content/Art/StaticMeshes/LandscapeElements/02GreenLevel/Tree_8.uasset" 1767
"D:/Unreal Projects/AirCommandAlpha/Content/Art/StaticMeshes/LandscapeElements/02GreenLevel/Tree_8.uexp" 1768
"D:/Unreal Projects/AirCommandAlpha/Content/Art/StaticMeshes/LandscapeElements/02GreenLevel/Tree_8_FoliageType.uasset" 1769
"D:/Unreal Projects/AirCommandAlpha/Content/Art/StaticMeshes/LandscapeElements/02GreenLevel/Tree_8_FoliageType.uexp" 1770
"D:/Unreal Projects/AirCommandAlpha/Content/Art/StaticMeshes/LandscapeElements/02GreenLevel/Tree_9.ubulk" 1771
"D:/Unreal Projects/AirCommandAlpha/Content/Art/StaticMeshes/LandscapeElements/02GreenLevel/Tree_9.uasset" 1772
"D:/Unreal Projects/AirCommandAlpha/Content/Art/StaticMeshes/LandscapeElements/02GreenLevel/Tree_9.uexp" 1773
"D:/Unreal Projects/AirCommandAlpha/Content/Art/StaticMeshes/LandscapeElements/02GreenLevel/Tree_9_FoliageType.uasset" 1774
"D:/Unreal Projects/AirCommandAlpha/Content/Art/StaticMeshes/LandscapeElements/02GreenLevel/Tree_9_FoliageType.uexp" 1775
"D:/Unreal Projects/AirCommandAlpha/Content/Art/StaticMeshes/LandscapeElements/Boulder_01_FoliageType.uasset" 1776
"D:/Unreal Projects/AirCommandAlpha/Content/Art/StaticMeshes/LandscapeElements/Boulder_01_FoliageType.uexp" 1777
"D:/Unreal Projects/AirCommandAlpha/Content/Art/StaticMeshes/LandscapeElements/boulder.ubulk" 1778
"D:/Unreal Projects/AirCommandAlpha/Content/Art/StaticMeshes/LandscapeElements/boulder.uasset" 1779
"D:/Unreal Projects/AirCommandAlpha/Content/Art/StaticMeshes/LandscapeElements/boulder.uexp" 1780
"D:/Unreal Projects/AirCommandAlpha/Content/Art/StaticMeshes/LandscapeElements/boulder_FoliageType.uasset" 1781
"D:/Unreal Projects/AirCommandAlpha/Content/Art/StaticMeshes/LandscapeElements/boulder_FoliageType.uexp" 1782
"D:/Unreal Projects/AirCommandAlpha/Content/Textures/LandscapeT/T_04c_Pebbles.ubulk" 1783
"D:/Unreal Projects/AirCommandAlpha/Content/Textures/LandscapeT/T_04c_Pebbles.uasset" 1784
"D:/Unreal Projects/AirCommandAlpha/Content/Textures/LandscapeT/T_04c_Pebbles.uexp" 1785
"D:/Unreal Projects/AirCommandAlpha/Content/Textures/LandscapeT/T_02bGreen.ubulk" 1786
"D:/Unreal Projects/AirCommandAlpha/Content/Textures/LandscapeT/T_02bGreen.uasset" 1787
"D:/Unreal Projects/AirCommandAlpha/Content/Textures/LandscapeT/T_02bGreen.uexp" 1788
"D:/Unreal Projects/AirCommandAlpha/Content/Textures/LandscapeT/T_02aGreen.ubulk" 1789
"D:/Unreal Projects/AirCommandAlpha/Content/Textures/LandscapeT/T_02aGreen.uasset" 1790
"D:/Unreal Projects/AirCommandAlpha/Content/Textures/LandscapeT/T_02aGreen.uexp" 1791
"D:/Unreal Projects/AirCommandAlpha/Content/Textures/LandscapeT/NormalMaps/T_04c_Pebbles_NRM.ubulk" 1792
"D:/Unreal Projects/AirCommandAlpha/Content/Textures/LandscapeT/NormalMaps/T_04c_Pebbles_NRM.uasset" 1793
"D:/Unreal Projects/AirCommandAlpha/Content/Textures/LandscapeT/NormalMaps/T_04c_Pebbles_NRM.uexp" 1794
"D:/Unreal Projects/AirCommandAlpha/Content/Textures/LandscapeT/NormalMaps/T_02bGreen_NRM.ubulk" 1795
"D:/Unreal Projects/AirCommandAlpha/Content/Textures/LandscapeT/NormalMaps/T_02bGreen_NRM.uasset" 1796
"D:/Unreal Projects/AirCommandAlpha/Content/Textures/LandscapeT/NormalMaps/T_02bGreen_NRM.uexp" 1797
"D:/Unreal Projects/AirCommandAlpha/Content/Textures/LandscapeT/NormalMaps/T_02aGreen_NRM.ubulk" 1798
"D:/Unreal Projects/AirCommandAlpha/Content/Textures/LandscapeT/NormalMaps/T_02aGreen_NRM.uasset" 1799
"D:/Unreal Projects/AirCommandAlpha/Content/Textures/LandscapeT/NormalMaps/T_02aGreen_NRM.uexp" 1800
"D:/Unreal Projects/AirCommandAlpha/Content/Materials/LandscapeM/LandscapeMaterials/M_GreenLand_01.uasset" 1801
"D:/Unreal Projects/AirCommandAlpha/Content/Materials/LandscapeM/LandscapeMaterials/M_GreenLand_01.uexp" 1802
"D:/Unreal Projects/AirCommandAlpha/Content/Maps/Levels/02_GreenLevel.uexp" 1803
"D:/Unreal Projects/AirCommandAlpha/Content/Maps/Levels/02_GreenLevel.umap" 1804
"D:/Unreal Projects/AirCommandAlpha/Content/Textures/UI_Images/Level_Label_02.uasset" 1805
"D:/Unreal Projects/AirCommandAlpha/Content/Textures/UI_Images/Level_Label_02.uexp" 1806
"D:/Unreal Projects/AirCommandAlpha/Content/Materials/Base_Materials/M_Label_Inst_02.uasset" 1807
"D:/Unreal Projects/AirCommandAlpha/Content/Materials/Base_Materials/M_Label_Inst_02.uexp" 1808
"D:/Unreal Projects/AirCommandAlpha/Content/Blueprints/LevelTriggers/BP_02_OpenLvl.uasset" 1809
"D:/Unreal Projects/AirCommandAlpha/Content/Blueprints/LevelTriggers/BP_02_OpenLvl.uexp" 1810
"D:/Unreal Projects/AirCommandAlpha/Content/Materials/LandscapeM/LandscapeMaterials/SnowB_LayerInfo.uasset" 1811
"D:/Unreal Projects/AirCommandAlpha/Content/Materials/LandscapeM/LandscapeMaterials/SnowB_LayerInfo.uexp" 1812
"D:/Unreal Projects/AirCommandAlpha/Content/Materials/LandscapeM/LandscapeMaterials/SnowA_LayerInfo.uasset" 1813
"D:/Unreal Projects/AirCommandAlpha/Content/Materials/LandscapeM/LandscapeMaterials/SnowA_LayerInfo.uexp" 1814
"D:/Unreal Projects/AirCommandAlpha/Content/Textures/LandscapeT/T_01aWhite.ubulk" 1815
"D:/Unreal Projects/AirCommandAlpha/Content/Textures/LandscapeT/T_01aWhite.uasset" 1816
"D:/Unreal Projects/AirCommandAlpha/Content/Textures/LandscapeT/T_01aWhite.uexp" 1817
"D:/Unreal Projects/AirCommandAlpha/Content/Textures/LandscapeT/NormalMaps/T_01cWhite_NRM.ubulk" 1818
"D:/Unreal Projects/AirCommandAlpha/Content/Textures/LandscapeT/NormalMaps/T_01cWhite_NRM.uasset" 1819
"D:/Unreal Projects/AirCommandAlpha/Content/Textures/LandscapeT/NormalMaps/T_01cWhite_NRM.uexp" 1820
"D:/Unreal Projects/AirCommandAlpha/Content/Textures/LandscapeT/NormalMaps/T_01bWhite_NRM.ubulk" 1821
"D:/Unreal Projects/AirCommandAlpha/Content/Textures/LandscapeT/NormalMaps/T_01bWhite_NRM.uasset" 1822
"D:/Unreal Projects/AirCommandAlpha/Content/Textures/LandscapeT/NormalMaps/T_01bWhite_NRM.uexp" 1823
"D:/Unreal Projects/AirCommandAlpha/Content/Textures/LandscapeT/NormalMaps/T_01aWhite_NRM.ubulk" 1824
"D:/Unreal Projects/AirCommandAlpha/Content/Textures/LandscapeT/NormalMaps/T_01aWhite_NRM.uasset" 1825
"D:/Unreal Projects/AirCommandAlpha/Content/Textures/LandscapeT/NormalMaps/T_01aWhite_NRM.uexp" 1826
"D:/Unreal Projects/AirCommandAlpha/Content/Materials/LandscapeM/LandscapeMaterials/M_SnowField.uasset" 1827
"D:/Unreal Projects/AirCommandAlpha/Content/Materials/LandscapeM/LandscapeMaterials/M_SnowField.uexp" 1828
"D:/Unreal Projects/AirCommandAlpha/Content/Art/StaticMeshes/LandscapeElements/01WhiteLevel/SnowTreeUV.ubulk" 1829
"D:/Unreal Projects/AirCommandAlpha/Content/Art/StaticMeshes/LandscapeElements/01WhiteLevel/SnowTreeUV.uasset" 1830
"D:/Unreal Projects/AirCommandAlpha/Content/Art/StaticMeshes/LandscapeElements/01WhiteLevel/SnowTreeUV.uexp" 1831
"D:/Unreal Projects/AirCommandAlpha/Content/Art/StaticMeshes/LandscapeElements/01WhiteLevel/SnowTree01.uasset" 1832
"D:/Unreal Projects/AirCommandAlpha/Content/Art/StaticMeshes/LandscapeElements/01WhiteLevel/SnowTree01.uexp" 1833
"D:/Unreal Projects/AirCommandAlpha/Content/Art/StaticMeshes/LandscapeElements/01WhiteLevel/SnowTree_9.ubulk" 1834
"D:/Unreal Projects/AirCommandAlpha/Content/Art/StaticMeshes/LandscapeElements/01WhiteLevel/SnowTree_9.uasset" 1835
"D:/Unreal Projects/AirCommandAlpha/Content/Art/StaticMeshes/LandscapeElements/01WhiteLevel/SnowTree_9.uexp" 1836
"D:/Unreal Projects/AirCommandAlpha/Content/Art/StaticMeshes/LandscapeElements/01WhiteLevel/SnowTree_9_FoliageType.uasset" 1837
"D:/Unreal Projects/AirCommandAlpha/Content/Art/StaticMeshes/LandscapeElements/01WhiteLevel/SnowTree_9_FoliageType.uexp" 1838
"D:/Unreal Projects/AirCommandAlpha/Content/Art/StaticMeshes/LandscapeElements/01WhiteLevel/SnowTree_1.ubulk" 1839
"D:/Unreal Projects/AirCommandAlpha/Content/Art/StaticMeshes/LandscapeElements/01WhiteLevel/SnowTree_1.uasset" 1840
"D:/Unreal Projects/AirCommandAlpha/Content/Art/StaticMeshes/LandscapeElements/01WhiteLevel/SnowTree_1.uexp" 1841
"D:/Unreal Projects/AirCommandAlpha/Content/Art/StaticMeshes/LandscapeElements/01WhiteLevel/SnowTree_2.ubulk" 1842
"D:/Unreal Projects/AirCommandAlpha/Content/Art/StaticMeshes/LandscapeElements/01WhiteLevel/SnowTree_2.uasset" 1843
"D:/Unreal Projects/AirCommandAlpha/Content/Art/StaticMeshes/LandscapeElements/01WhiteLevel/SnowTree_2.uexp" 1844
"D:/Unreal Projects/AirCommandAlpha/Content/Art/StaticMeshes/LandscapeElements/01WhiteLevel/SnowTree_3.ubulk" 1845
"D:/Unreal Projects/AirCommandAlpha/Content/Art/StaticMeshes/LandscapeElements/01WhiteLevel/SnowTree_3.uasset" 1846
"D:/Unreal Projects/AirCommandAlpha/Content/Art/StaticMeshes/LandscapeElements/01WhiteLevel/SnowTree_3.uexp" 1847
"D:/Unreal Projects/AirCommandAlpha/Content/Art/StaticMeshes/LandscapeElements/01WhiteLevel/SnowTree_4.ubulk" 1848
"D:/Unreal Projects/AirCommandAlpha/Content/Art/StaticMeshes/LandscapeElements/01WhiteLevel/SnowTree_4.uasset" 1849
"D:/Unreal Projects/AirCommandAlpha/Content/Art/StaticMeshes/LandscapeElements/01WhiteLevel/SnowTree_4.uexp" 1850
"D:/Unreal Projects/AirCommandAlpha/Content/Art/StaticMeshes/LandscapeElements/01WhiteLevel/SnowTree_6.ubulk" 1851
"D:/Unreal Projects/AirCommandAlpha/Content/Art/StaticMeshes/LandscapeElements/01WhiteLevel/SnowTree_6.uasset" 1852
"D:/Unreal Projects/AirCommandAlpha/Content/Art/StaticMeshes/LandscapeElements/01WhiteLevel/SnowTree_6.uexp" 1853
"D:/Unreal Projects/AirCommandAlpha/Content/Art/StaticMeshes/LandscapeElements/01WhiteLevel/SnowTree_7.ubulk" 1854
"D:/Unreal Projects/AirCommandAlpha/Content/Art/StaticMeshes/LandscapeElements/01WhiteLevel/SnowTree_7.uasset" 1855
"D:/Unreal Projects/AirCommandAlpha/Content/Art/StaticMeshes/LandscapeElements/01WhiteLevel/SnowTree_7.uexp" 1856
"D:/Unreal Projects/AirCommandAlpha/Content/Art/StaticMeshes/LandscapeElements/01WhiteLevel/SnowTree_7_FoliageType.uasset" 1857
"D:/Unreal Projects/AirCommandAlpha/Content/Art/StaticMeshes/LandscapeElements/01WhiteLevel/SnowTree_7_FoliageType.uexp" 1858
"D:/Unreal Projects/AirCommandAlpha/Content/Art/StaticMeshes/LandscapeElements/01WhiteLevel/SnowTree_6_FoliageType.uasset" 1859
"D:/Unreal Projects/AirCommandAlpha/Content/Art/StaticMeshes/LandscapeElements/01WhiteLevel/SnowTree_6_FoliageType.uexp" 1860
"D:/Unreal Projects/AirCommandAlpha/Content/Art/StaticMeshes/LandscapeElements/01WhiteLevel/SnowTree_4_FoliageType.uasset" 1861
"D:/Unreal Projects/AirCommandAlpha/Content/Art/StaticMeshes/LandscapeElements/01WhiteLevel/SnowTree_4_FoliageType.uexp" 1862
"D:/Unreal Projects/AirCommandAlpha/Content/Art/StaticMeshes/LandscapeElements/01WhiteLevel/SnowTree_3_FoliageType.uasset" 1863
"D:/Unreal Projects/AirCommandAlpha/Content/Art/StaticMeshes/LandscapeElements/01WhiteLevel/SnowTree_3_FoliageType.uexp" 1864
"D:/Unreal Projects/AirCommandAlpha/Content/Art/StaticMeshes/LandscapeElements/01WhiteLevel/SnowTree_2_FoliageType.uasset" 1865
"D:/Unreal Projects/AirCommandAlpha/Content/Art/StaticMeshes/LandscapeElements/01WhiteLevel/SnowTree_2_FoliageType.uexp" 1866
"D:/Unreal Projects/AirCommandAlpha/Content/Art/StaticMeshes/LandscapeElements/01WhiteLevel/SnowTree_1_FoliageType.uasset" 1867
"D:/Unreal Projects/AirCommandAlpha/Content/Art/StaticMeshes/LandscapeElements/01WhiteLevel/SnowTree_1_FoliageType.uexp" 1868
"D:/Unreal Projects/AirCommandAlpha/Content/Maps/Levels/01_WhiteLevelA.uexp" 1869
"D:/Unreal Projects/AirCommandAlpha/Content/Maps/Levels/01_WhiteLevelA.umap" 1870
"D:/Unreal Projects/AirCommandAlpha/Content/UltimateMenu/Sounds/Starter_Wind06.ubulk" 1871
"D:/Unreal Projects/AirCommandAlpha/Content/UltimateMenu/Sounds/Starter_Wind06.uasset" 1872
"D:/Unreal Projects/AirCommandAlpha/Content/UltimateMenu/Sounds/Starter_Wind06.uexp" 1873
"D:/Unreal Projects/AirCommandAlpha/Content/UltimateMenu/Sounds/Starter_Wind05.ubulk" 1874
"D:/Unreal Projects/AirCommandAlpha/Content/UltimateMenu/Sounds/Starter_Wind05.uasset" 1875
"D:/Unreal Projects/AirCommandAlpha/Content/UltimateMenu/Sounds/Starter_Wind05.uexp" 1876
"D:/Unreal Projects/AirCommandAlpha/Content/UltimateMenu/Sounds/Starter_Birds01.ubulk" 1877
"D:/Unreal Projects/AirCommandAlpha/Content/UltimateMenu/Sounds/Starter_Birds01.uasset" 1878
"D:/Unreal Projects/AirCommandAlpha/Content/UltimateMenu/Sounds/Starter_Birds01.uexp" 1879
"D:/Unreal Projects/AirCommandAlpha/Content/UltimateMenu/Sounds/Starter_Background_Cue.uasset" 1880
"D:/Unreal Projects/AirCommandAlpha/Content/UltimateMenu/Sounds/Starter_Background_Cue.uexp" 1881
"D:/Unreal Projects/AirCommandAlpha/Content/UltimateMenu/Sounds/Fire_Sparks01.ubulk" 1882
"D:/Unreal Projects/AirCommandAlpha/Content/UltimateMenu/Sounds/Fire_Sparks01.uasset" 1883
"D:/Unreal Projects/AirCommandAlpha/Content/UltimateMenu/Sounds/Fire_Sparks01.uexp" 1884
"D:/Unreal Projects/AirCommandAlpha/Content/UltimateMenu/Sounds/Fire_Sparks01_Cue.uasset" 1885
"D:/Unreal Projects/AirCommandAlpha/Content/UltimateMenu/Sounds/Fire_Sparks01_Cue.uexp" 1886
"D:/Unreal Projects/AirCommandAlpha/Content/UltimateMenu/Blueprints/BP_CameraFocusTarget.uasset" 1887
"D:/Unreal Projects/AirCommandAlpha/Content/UltimateMenu/Blueprints/BP_CameraFocusTarget.uexp" 1888
"D:/Unreal Projects/AirCommandAlpha/Content/UltimateMenu/Environment/Particles/Textures/T_Smoke_SubUV.ubulk" 1889
"D:/Unreal Projects/AirCommandAlpha/Content/UltimateMenu/Environment/Particles/Textures/T_Smoke_SubUV.uasset" 1890
"D:/Unreal Projects/AirCommandAlpha/Content/UltimateMenu/Environment/Particles/Textures/T_Smoke_SubUV.uexp" 1891
"D:/Unreal Projects/AirCommandAlpha/Content/UltimateMenu/Environment/Particles/Materials/M_smoke_subUV.uasset" 1892
"D:/Unreal Projects/AirCommandAlpha/Content/UltimateMenu/Environment/Particles/Materials/M_smoke_subUV.uexp" 1893
"D:/Unreal Projects/AirCommandAlpha/Content/UltimateMenu/Environment/Particles/P_Smoke.uasset" 1894
"D:/Unreal Projects/AirCommandAlpha/Content/UltimateMenu/Environment/Particles/P_Smoke.uexp" 1895
"D:/Unreal Projects/AirCommandAlpha/Content/UltimateMenu/Environment/Particles/Textures/T_Dust_Particle_D.ubulk" 1896
"D:/Unreal Projects/AirCommandAlpha/Content/UltimateMenu/Environment/Particles/Textures/T_Dust_Particle_D.uasset" 1897
"D:/Unreal Projects/AirCommandAlpha/Content/UltimateMenu/Environment/Particles/Textures/T_Dust_Particle_D.uexp" 1898
"D:/Unreal Projects/AirCommandAlpha/Content/UltimateMenu/Environment/Particles/Materials/M_Dust_Particle.uasset" 1899
"D:/Unreal Projects/AirCommandAlpha/Content/UltimateMenu/Environment/Particles/Materials/M_Dust_Particle.uexp" 1900
"D:/Unreal Projects/AirCommandAlpha/Content/UltimateMenu/Environment/Particles/P_Ambient_Dust.uasset" 1901
"D:/Unreal Projects/AirCommandAlpha/Content/UltimateMenu/Environment/Particles/P_Ambient_Dust.uexp" 1902
"D:/Unreal Projects/AirCommandAlpha/Content/UltimateMenu/Environment/Maps/MenuLevel_BuiltData.uasset" 1903
"D:/Unreal Projects/AirCommandAlpha/Content/UltimateMenu/Environment/Maps/MenuLevel_BuiltData.uexp" 1904
"D:/Unreal Projects/AirCommandAlpha/Content/UltimateMenu/Environment/Maps/MenuLevel.uexp" 1905
"D:/Unreal Projects/AirCommandAlpha/Content/UltimateMenu/Environment/Maps/MenuLevel.umap" 1906
"../../../Engine/Content/EngineSky/T_Sky_Stars.ubulk" 1907
"../../../Engine/Content/EngineSky/T_Sky_Stars.uasset" 1908
"../../../Engine/Content/EngineSky/T_Sky_Stars.uexp" 1909
"../../../Engine/Content/EngineSky/T_Sky_Clouds_M.ubulk" 1910
"../../../Engine/Content/EngineSky/T_Sky_Clouds_M.uasset" 1911
"../../../Engine/Content/EngineSky/T_Sky_Clouds_M.uexp" 1912
"../../../Engine/Content/EngineSky/T_Sky_Blue.ubulk" 1913
"../../../Engine/Content/EngineSky/T_Sky_Blue.uasset" 1914
"../../../Engine/Content/EngineSky/T_Sky_Blue.uexp" 1915
"../../../Engine/Content/EngineSky/M_Sky_Panning_Clouds2.uasset" 1916
"../../../Engine/Content/EngineSky/M_Sky_Panning_Clouds2.uexp" 1917
"../../../Engine/Content/EngineSky/SM_SkySphere.ubulk" 1918
"../../../Engine/Content/EngineSky/SM_SkySphere.uasset" 1919
"../../../Engine/Content/EngineSky/SM_SkySphere.uexp" 1920
"../../../Engine/Content/EngineSky/C_Sky_Zenith_Color.uasset" 1921
"../../../Engine/Content/EngineSky/C_Sky_Zenith_Color.uexp" 1922
"../../../Engine/Content/EngineSky/C_Sky_Horizon_Color.uasset" 1923
"../../../Engine/Content/EngineSky/C_Sky_Horizon_Color.uexp" 1924
"../../../Engine/Content/EngineSky/C_Sky_Cloud_Color.uasset" 1925
"../../../Engine/Content/EngineSky/C_Sky_Cloud_Color.uexp" 1926
"../../../Engine/Content/EngineSky/BP_Sky_Sphere.uasset" 1927
"../../../Engine/Content/EngineSky/BP_Sky_Sphere.uexp" 1928
"D:/Unreal Projects/AirCommandAlpha/Content/Maps/LoadingLevels/UMGtoLevel.uasset" 1929
"D:/Unreal Projects/AirCommandAlpha/Content/Maps/LoadingLevels/UMGtoLevel.uexp" 1930
"D:/Unreal Projects/AirCommandAlpha/Content/UltimateMenu/Environment/Maps/MenuEmpty_BuiltData.uasset" 1931
"D:/Unreal Projects/AirCommandAlpha/Content/UltimateMenu/Environment/Maps/MenuEmpty_BuiltData.uexp" 1932
"../../../Engine/Content/EngineSky/VolumetricClouds/VT_PerlinWorley_Balanced.uasset" 1933
"../../../Engine/Content/EngineSky/VolumetricClouds/VT_PerlinWorley_Balanced.uexp" 1934
"../../../Engine/Content/EngineSky/VolumetricClouds/T_Profile_08.ubulk" 1935
"../../../Engine/Content/EngineSky/VolumetricClouds/T_Profile_08.uasset" 1936
"../../../Engine/Content/EngineSky/VolumetricClouds/T_Profile_08.uexp" 1937
"../../../Engine/Content/EngineSky/VolumetricClouds/T_CloudPattern.ubulk" 1938
"../../../Engine/Content/EngineSky/VolumetricClouds/T_CloudPattern.uasset" 1939
"../../../Engine/Content/EngineSky/VolumetricClouds/T_CloudPattern.uexp" 1940
"../../../Engine/Content/EngineSky/VolumetricClouds/T_CloudMask.ubulk" 1941
"../../../Engine/Content/EngineSky/VolumetricClouds/T_CloudMask.uasset" 1942
"../../../Engine/Content/EngineSky/VolumetricClouds/T_CloudMask.uexp" 1943
"../../../Engine/Content/Functions/Engine_MaterialFunctions02/Utility/BreakOutFloat4Components.uasset" 1944
"../../../Engine/Content/Functions/Engine_MaterialFunctions02/Utility/BreakOutFloat4Components.uexp" 1945
"../../../Engine/Content/EngineResources/DefaultVolumeTexture2D.uasset" 1946
"../../../Engine/Content/EngineResources/DefaultVolumeTexture2D.uexp" 1947
"../../../Engine/Content/EngineResources/DefaultVolumeTexture.uasset" 1948
"../../../Engine/Content/EngineResources/DefaultVolumeTexture.uexp" 1949
"../../../Engine/Content/Functions/Engine_MaterialFunctions02/Utility/MakeFloat4.uasset" 1950
"../../../Engine/Content/Functions/Engine_MaterialFunctions02/Utility/MakeFloat4.uexp" 1951
"../../../Engine/Content/EngineSky/VolumetricClouds/VT_Lightning.uasset" 1952
"../../../Engine/Content/EngineSky/VolumetricClouds/VT_Lightning.uexp" 1953
"../../../Engine/Content/Functions/Engine_MaterialFunctions01/Units/Km-to-Cm.uasset" 1954
"../../../Engine/Content/Functions/Engine_MaterialFunctions01/Units/Km-to-Cm.uexp" 1955
"../../../Engine/Content/EngineSky/VolumetricClouds/m_SimpleVolumetricCloud.uasset" 1956
"../../../Engine/Content/EngineSky/VolumetricClouds/m_SimpleVolumetricCloud.uexp" 1957
"../../../Engine/Content/EngineSky/VolumetricClouds/m_SimpleVolumetricCloud_Inst.uasset" 1958
"../../../Engine/Content/EngineSky/VolumetricClouds/m_SimpleVolumetricCloud_Inst.uexp" 1959
"D:/Unreal Projects/AirCommandAlpha/Content/UltimateMenu/Blueprints/Framework/PCM_MenuCameraManager.uasset" 1960
"D:/Unreal Projects/AirCommandAlpha/Content/UltimateMenu/Blueprints/Framework/PCM_MenuCameraManager.uexp" 1961
"D:/Unreal Projects/AirCommandAlpha/Content/UltimateMenu/Blueprints/Framework/PC_MenuController.uasset" 1962
"D:/Unreal Projects/AirCommandAlpha/Content/UltimateMenu/Blueprints/Framework/PC_MenuController.uexp" 1963
"D:/Unreal Projects/AirCommandAlpha/Content/UltimateMenu/Blueprints/Framework/GM_MenuMode.uasset" 1964
"D:/Unreal Projects/AirCommandAlpha/Content/UltimateMenu/Blueprints/Framework/GM_MenuMode.uexp" 1965
"D:/Unreal Projects/AirCommandAlpha/Content/UltimateMenu/Environment/Maps/MenuEmpty.uexp" 1966
"D:/Unreal Projects/AirCommandAlpha/Content/UltimateMenu/Environment/Maps/MenuEmpty.umap" 1967
"D:/Unreal Projects/AirCommandAlpha/Content/Art/StaticMeshes/LandscapeElements/Green.uasset" 1968
"D:/Unreal Projects/AirCommandAlpha/Content/Art/StaticMeshes/LandscapeElements/Green.uexp" 1969
"../../../Engine/Content/TemplateResources/M_Template_Master.uasset" 1970
"../../../Engine/Content/TemplateResources/M_Template_Master.uexp" 1971
"../../../Engine/Content/TemplateResources/MI_Template_BaseGray.uasset" 1972
"../../../Engine/Content/TemplateResources/MI_Template_BaseGray.uexp" 1973
"D:/Unreal Projects/AirCommandAlpha/Content/Maps/Levels/Sublevels/08_BlackZone05.uexp" 1974
"D:/Unreal Projects/AirCommandAlpha/Content/Maps/Levels/Sublevels/08_BlackZone05.umap" 1975
"D:/Unreal Projects/AirCommandAlpha/Content/Blueprints/Enemies/BP_EnemyBoss01.uasset" 1976
"D:/Unreal Projects/AirCommandAlpha/Content/Blueprints/Enemies/BP_EnemyBoss01.uexp" 1977
"D:/Unreal Projects/AirCommandAlpha/Content/Art/StaticMeshes/Enemies/Kamikaze02.ubulk" 1978
"D:/Unreal Projects/AirCommandAlpha/Content/Art/StaticMeshes/Enemies/Kamikaze02.uasset" 1979
"D:/Unreal Projects/AirCommandAlpha/Content/Art/StaticMeshes/Enemies/Kamikaze02.uexp" 1980
"D:/Unreal Projects/AirCommandAlpha/Content/Blueprints/Enemies/BP_EnemyMinion06.uasset" 1981
"D:/Unreal Projects/AirCommandAlpha/Content/Blueprints/Enemies/BP_EnemyMinion06.uexp" 1982
"D:/Unreal Projects/AirCommandAlpha/Content/Blueprints/Enemies/BP_SpawnerEnemy4.uasset" 1983
"D:/Unreal Projects/AirCommandAlpha/Content/Blueprints/Enemies/BP_SpawnerEnemy4.uexp" 1984
"D:/Unreal Projects/AirCommandAlpha/Content/Maps/Levels/Sublevels/08_BlackZone04.uexp" 1985
"D:/Unreal Projects/AirCommandAlpha/Content/Maps/Levels/Sublevels/08_BlackZone04.umap" 1986
"D:/Unreal Projects/AirCommandAlpha/Content/Blueprints/Enemies/BP_SpawnerEnemy5Boss.uasset" 1987
"D:/Unreal Projects/AirCommandAlpha/Content/Blueprints/Enemies/BP_SpawnerEnemy5Boss.uexp" 1988
"D:/Unreal Projects/AirCommandAlpha/Content/Blueprints/Enemies/BP_EnemyMinion05.uasset" 1989
"D:/Unreal Projects/AirCommandAlpha/Content/Blueprints/Enemies/BP_EnemyMinion05.uexp" 1990
"D:/Unreal Projects/AirCommandAlpha/Content/Blueprints/Enemies/BP_SpawnerEnemy3.uasset" 1991
"D:/Unreal Projects/AirCommandAlpha/Content/Blueprints/Enemies/BP_SpawnerEnemy3.uexp" 1992
"../../../Engine/Content/EngineDebugMaterials/HeatmapGradient.ubulk" 1993
"../../../Engine/Content/EngineDebugMaterials/HeatmapGradient.uasset" 1994
"../../../Engine/Content/EngineDebugMaterials/HeatmapGradient.uexp" 1995
"../../../Engine/Content/EngineDebugMaterials/HeatmapMaterial.uasset" 1996
"../../../Engine/Content/EngineDebugMaterials/HeatmapMaterial.uexp" 1997
"D:/Unreal Projects/AirCommandAlpha/Content/Maps/Levels/Sublevels/08_BlackZone03.uexp" 1998
"D:/Unreal Projects/AirCommandAlpha/Content/Maps/Levels/Sublevels/08_BlackZone03.umap" 1999
"D:/Unreal Projects/AirCommandAlpha/Content/Art/StaticMeshes/Enemies/Minion04.ubulk" 2000
"D:/Unreal Projects/AirCommandAlpha/Content/Art/StaticMeshes/Enemies/Minion04.uasset" 2001
"D:/Unreal Projects/AirCommandAlpha/Content/Art/StaticMeshes/Enemies/Minion04.uexp" 2002
"D:/Unreal Projects/AirCommandAlpha/Content/Blueprints/Enemies/BP_EnemyMinion04.uasset" 2003
"D:/Unreal Projects/AirCommandAlpha/Content/Blueprints/Enemies/BP_EnemyMinion04.uexp" 2004
"D:/Unreal Projects/AirCommandAlpha/Content/Blueprints/Enemies/BP_SpawnerEnemy2.uasset" 2005
"D:/Unreal Projects/AirCommandAlpha/Content/Blueprints/Enemies/BP_SpawnerEnemy2.uexp" 2006
"D:/Unreal Projects/AirCommandAlpha/Content/Blueprints/Enemies/BP_SpawnerEnemy1a.uasset" 2007
"D:/Unreal Projects/AirCommandAlpha/Content/Blueprints/Enemies/BP_SpawnerEnemy1a.uexp" 2008
"../../../Engine/Content/VREditor/UI/ArrowMaterial.uasset" 2009
"../../../Engine/Content/VREditor/UI/ArrowMaterial.uexp" 2010
"D:/Unreal Projects/AirCommandAlpha/Content/Maps/Levels/Sublevels/08_BlackZone02.uexp" 2011
"D:/Unreal Projects/AirCommandAlpha/Content/Maps/Levels/Sublevels/08_BlackZone02.umap" 2012
"D:/Unreal Projects/AirCommandAlpha/Content/Maps/Levels/Sublevels/08_BlackZone01.uexp" 2013
"D:/Unreal Projects/AirCommandAlpha/Content/Maps/Levels/Sublevels/08_BlackZone01.umap" 2014
"D:/Unreal Projects/AirCommandAlpha/Content/Maps/Levels/Sublevels/07_PurpleZone05.uexp" 2015
"D:/Unreal Projects/AirCommandAlpha/Content/Maps/Levels/Sublevels/07_PurpleZone05.umap" 2016
"D:/Unreal Projects/AirCommandAlpha/Content/Maps/Levels/Sublevels/07_PurpleZone04.uexp" 2017
"D:/Unreal Projects/AirCommandAlpha/Content/Maps/Levels/Sublevels/07_PurpleZone04.umap" 2018
"D:/Unreal Projects/AirCommandAlpha/Content/Maps/Levels/Sublevels/07_PurpleZone03.uexp" 2019
"D:/Unreal Projects/AirCommandAlpha/Content/Maps/Levels/Sublevels/07_PurpleZone03.umap" 2020
"D:/Unreal Projects/AirCommandAlpha/Content/Maps/Levels/Sublevels/07_PurpleZone02.uexp" 2021
"D:/Unreal Projects/AirCommandAlpha/Content/Maps/Levels/Sublevels/07_PurpleZone02.umap" 2022
"D:/Unreal Projects/AirCommandAlpha/Content/Maps/Levels/Sublevels/07_PurpleZone01.uexp" 2023
"D:/Unreal Projects/AirCommandAlpha/Content/Maps/Levels/Sublevels/07_PurpleZone01.umap" 2024
"D:/Unreal Projects/AirCommandAlpha/Content/Maps/Levels/Sublevels/06_GrayZone05.uexp" 2025
"D:/Unreal Projects/AirCommandAlpha/Content/Maps/Levels/Sublevels/06_GrayZone05.umap" 2026
"D:/Unreal Projects/AirCommandAlpha/Content/Maps/Levels/Sublevels/06_GrayZone04.uexp" 2027
"D:/Unreal Projects/AirCommandAlpha/Content/Maps/Levels/Sublevels/06_GrayZone04.umap" 2028
"D:/Unreal Projects/AirCommandAlpha/Content/Maps/Levels/Sublevels/06_GrayZone03.uexp" 2029
"D:/Unreal Projects/AirCommandAlpha/Content/Maps/Levels/Sublevels/06_GrayZone03.umap" 2030
"D:/Unreal Projects/AirCommandAlpha/Content/Maps/Levels/Sublevels/06_GrayZone02.uexp" 2031
"D:/Unreal Projects/AirCommandAlpha/Content/Maps/Levels/Sublevels/06_GrayZone02.umap" 2032
"D:/Unreal Projects/AirCommandAlpha/Content/Maps/Levels/Sublevels/06_GrayZone01.uexp" 2033
"D:/Unreal Projects/AirCommandAlpha/Content/Maps/Levels/Sublevels/06_GrayZone01.umap" 2034
"D:/Unreal Projects/AirCommandAlpha/Content/Maps/Levels/Sublevels/05_RedZone05.uexp" 2035
"D:/Unreal Projects/AirCommandAlpha/Content/Maps/Levels/Sublevels/05_RedZone05.umap" 2036
"D:/Unreal Projects/AirCommandAlpha/Content/Maps/Levels/Sublevels/05_RedZone04.uexp" 2037
"D:/Unreal Projects/AirCommandAlpha/Content/Maps/Levels/Sublevels/05_RedZone04.umap" 2038
"D:/Unreal Projects/AirCommandAlpha/Content/Maps/Levels/Sublevels/05_RedZone03.uexp" 2039
"D:/Unreal Projects/AirCommandAlpha/Content/Maps/Levels/Sublevels/05_RedZone03.umap" 2040
"D:/Unreal Projects/AirCommandAlpha/Content/Maps/Levels/Sublevels/05_RedZone02.uexp" 2041
"D:/Unreal Projects/AirCommandAlpha/Content/Maps/Levels/Sublevels/05_RedZone02.umap" 2042
"D:/Unreal Projects/AirCommandAlpha/Content/Maps/Levels/Sublevels/05_RedZone01.uexp" 2043
"D:/Unreal Projects/AirCommandAlpha/Content/Maps/Levels/Sublevels/05_RedZone01.umap" 2044
"D:/Unreal Projects/AirCommandAlpha/Content/Maps/Levels/Sublevels/04_BlueZone05.uexp" 2045
"D:/Unreal Projects/AirCommandAlpha/Content/Maps/Levels/Sublevels/04_BlueZone05.umap" 2046
"D:/Unreal Projects/AirCommandAlpha/Content/Maps/Levels/Sublevels/04_BlueZone04.uexp" 2047
"D:/Unreal Projects/AirCommandAlpha/Content/Maps/Levels/Sublevels/04_BlueZone04.umap" 2048
"D:/Unreal Projects/AirCommandAlpha/Content/Maps/Levels/Sublevels/04_BlueZone03.uexp" 2049
"D:/Unreal Projects/AirCommandAlpha/Content/Maps/Levels/Sublevels/04_BlueZone03.umap" 2050
"D:/Unreal Projects/AirCommandAlpha/Content/Maps/Levels/Sublevels/04_BlueZone02.uexp" 2051
"D:/Unreal Projects/AirCommandAlpha/Content/Maps/Levels/Sublevels/04_BlueZone02.umap" 2052
"D:/Unreal Projects/AirCommandAlpha/Content/Maps/Levels/Sublevels/04_BlueZone01.uexp" 2053
"D:/Unreal Projects/AirCommandAlpha/Content/Maps/Levels/Sublevels/04_BlueZone01.umap" 2054
"D:/Unreal Projects/AirCommandAlpha/Content/Maps/Levels/Sublevels/03_OrangeZone05.uexp" 2055
"D:/Unreal Projects/AirCommandAlpha/Content/Maps/Levels/Sublevels/03_OrangeZone05.umap" 2056
"D:/Unreal Projects/AirCommandAlpha/Content/Maps/Levels/Sublevels/03_OrangeZone04.uexp" 2057
"D:/Unreal Projects/AirCommandAlpha/Content/Maps/Levels/Sublevels/03_OrangeZone04.umap" 2058
"D:/Unreal Projects/AirCommandAlpha/Content/Maps/Levels/Sublevels/03_OrangeZone03.uexp" 2059
"D:/Unreal Projects/AirCommandAlpha/Content/Maps/Levels/Sublevels/03_OrangeZone03.umap" 2060
"D:/Unreal Projects/AirCommandAlpha/Content/Maps/Levels/Sublevels/03_OrangeZone02.uexp" 2061
"D:/Unreal Projects/AirCommandAlpha/Content/Maps/Levels/Sublevels/03_OrangeZone02.umap" 2062
"D:/Unreal Projects/AirCommandAlpha/Content/Maps/Levels/Sublevels/03_OrangeZone01.uexp" 2063
"D:/Unreal Projects/AirCommandAlpha/Content/Maps/Levels/Sublevels/03_OrangeZone01.umap" 2064
"D:/Unreal Projects/AirCommandAlpha/Content/Maps/Levels/Sublevels/02_GreenZone04.uexp" 2065
"D:/Unreal Projects/AirCommandAlpha/Content/Maps/Levels/Sublevels/02_GreenZone04.umap" 2066
"D:/Unreal Projects/AirCommandAlpha/Content/Maps/Levels/Sublevels/02_GreenZone05.uexp" 2067
"D:/Unreal Projects/AirCommandAlpha/Content/Maps/Levels/Sublevels/02_GreenZone05.umap" 2068
"D:/Unreal Projects/AirCommandAlpha/Content/Maps/Levels/Sublevels/02_GreenZone03.uexp" 2069
"D:/Unreal Projects/AirCommandAlpha/Content/Maps/Levels/Sublevels/02_GreenZone03.umap" 2070
"D:/Unreal Projects/AirCommandAlpha/Content/Maps/Levels/Sublevels/02_GreenZone02.uexp" 2071
"D:/Unreal Projects/AirCommandAlpha/Content/Maps/Levels/Sublevels/02_GreenZone02.umap" 2072
"D:/Unreal Projects/AirCommandAlpha/Content/Maps/Levels/Sublevels/02_GreenZone01.uexp" 2073
"D:/Unreal Projects/AirCommandAlpha/Content/Maps/Levels/Sublevels/02_GreenZone01.umap" 2074
"D:/Unreal Projects/AirCommandAlpha/Content/SHMUP_starter/Materials/Shmup_Master_Mat1.uasset" 2075
"D:/Unreal Projects/AirCommandAlpha/Content/SHMUP_starter/Materials/Shmup_Master_Mat1.uexp" 2076
"D:/Unreal Projects/AirCommandAlpha/Content/SHMUP_starter/Materials/Shmup_Mat_3.uasset" 2077
"D:/Unreal Projects/AirCommandAlpha/Content/SHMUP_starter/Materials/Shmup_Mat_3.uexp" 2078
"D:/Unreal Projects/AirCommandAlpha/Content/SHMUP_starter/Materials/Shmup_Mat_11.uasset" 2079
"D:/Unreal Projects/AirCommandAlpha/Content/SHMUP_starter/Materials/Shmup_Mat_11.uexp" 2080
"D:/Unreal Projects/AirCommandAlpha/Content/SHMUP_starter/Meshes/SM_turretbase.ubulk" 2081
"D:/Unreal Projects/AirCommandAlpha/Content/SHMUP_starter/Meshes/SM_turretbase.uasset" 2082
"D:/Unreal Projects/AirCommandAlpha/Content/SHMUP_starter/Meshes/SM_turretbase.uexp" 2083
"D:/Unreal Projects/AirCommandAlpha/Content/SHMUP_starter/Materials/Shmup_Mat_1.uasset" 2084
"D:/Unreal Projects/AirCommandAlpha/Content/SHMUP_starter/Materials/Shmup_Mat_1.uexp" 2085
"D:/Unreal Projects/AirCommandAlpha/Content/SHMUP_starter/Materials/Shmup_Mat_2.uasset" 2086
"D:/Unreal Projects/AirCommandAlpha/Content/SHMUP_starter/Materials/Shmup_Mat_2.uexp" 2087
"D:/Unreal Projects/AirCommandAlpha/Content/SHMUP_starter/Materials/Shmup_Master_Mat_EM1.uasset" 2088
"D:/Unreal Projects/AirCommandAlpha/Content/SHMUP_starter/Materials/Shmup_Master_Mat_EM1.uexp" 2089
"D:/Unreal Projects/AirCommandAlpha/Content/SHMUP_starter/Materials/Shmup_Mat_EM_2.uasset" 2090
"D:/Unreal Projects/AirCommandAlpha/Content/SHMUP_starter/Materials/Shmup_Mat_EM_2.uexp" 2091
"D:/Unreal Projects/AirCommandAlpha/Content/SHMUP_starter/Meshes/SM_turret.ubulk" 2092
"D:/Unreal Projects/AirCommandAlpha/Content/SHMUP_starter/Meshes/SM_turret.uasset" 2093
"D:/Unreal Projects/AirCommandAlpha/Content/SHMUP_starter/Meshes/SM_turret.uexp" 2094
"D:/Unreal Projects/AirCommandAlpha/Content/SHMUP_starter/Materials/Hit_Mat.uasset" 2095
"D:/Unreal Projects/AirCommandAlpha/Content/SHMUP_starter/Materials/Hit_Mat.uexp" 2096
"D:/Unreal Projects/AirCommandAlpha/Content/SHMUP_starter/Materials/Hit_Mat_Inst.uasset" 2097
"D:/Unreal Projects/AirCommandAlpha/Content/SHMUP_starter/Materials/Hit_Mat_Inst.uexp" 2098
"D:/Unreal Projects/AirCommandAlpha/Content/SHMUP_starter/Blueprints/iDamageable.uasset" 2099
"D:/Unreal Projects/AirCommandAlpha/Content/SHMUP_starter/Blueprints/iDamageable.uexp" 2100
"D:/Unreal Projects/AirCommandAlpha/Content/Art/StaticMeshes/Projectiles/lambert1.uasset" 2101
"D:/Unreal Projects/AirCommandAlpha/Content/Art/StaticMeshes/Projectiles/lambert1.uexp" 2102
"D:/Unreal Projects/AirCommandAlpha/Content/Art/StaticMeshes/Projectiles/Projectile01.ubulk" 2103
"D:/Unreal Projects/AirCommandAlpha/Content/Art/StaticMeshes/Projectiles/Projectile01.uasset" 2104
"D:/Unreal Projects/AirCommandAlpha/Content/Art/StaticMeshes/Projectiles/Projectile01.uexp" 2105
"D:/Unreal Projects/AirCommandAlpha/Content/SHMUP_starter/Blueprints/Weapons/EnemyBullet.uasset" 2106
"D:/Unreal Projects/AirCommandAlpha/Content/SHMUP_starter/Blueprints/Weapons/EnemyBullet.uexp" 2107
"D:/Unreal Projects/AirCommandAlpha/Content/SHMUP_starter/Audio/SFX/Explosion2.ubulk" 2108
"D:/Unreal Projects/AirCommandAlpha/Content/SHMUP_starter/Audio/SFX/Explosion2.uasset" 2109
"D:/Unreal Projects/AirCommandAlpha/Content/SHMUP_starter/Audio/SFX/Explosion2.uexp" 2110
"D:/Unreal Projects/AirCommandAlpha/Content/SHMUP_starter/Audio/Cues/EnemyDeathCue.uasset" 2111
"D:/Unreal Projects/AirCommandAlpha/Content/SHMUP_starter/Audio/Cues/EnemyDeathCue.uexp" 2112
"D:/Unreal Projects/AirCommandAlpha/Content/SHMUP_starter/Blueprints/Enemies/EnemyTurret.uasset" 2113
"D:/Unreal Projects/AirCommandAlpha/Content/SHMUP_starter/Blueprints/Enemies/EnemyTurret.uexp" 2114
"D:/Unreal Projects/AirCommandAlpha/Content/Maps/Levels/Sublevels/01_WhiteZone05.uexp" 2115
"D:/Unreal Projects/AirCommandAlpha/Content/Maps/Levels/Sublevels/01_WhiteZone05.umap" 2116
"D:/Unreal Projects/AirCommandAlpha/Content/Maps/Levels/Sublevels/01_WhiteZone04.uexp" 2117
"D:/Unreal Projects/AirCommandAlpha/Content/Maps/Levels/Sublevels/01_WhiteZone04.umap" 2118
"D:/Unreal Projects/AirCommandAlpha/Content/Maps/Levels/Sublevels/01_WhiteZone03.uexp" 2119
"D:/Unreal Projects/AirCommandAlpha/Content/Maps/Levels/Sublevels/01_WhiteZone03.umap" 2120
"D:/Unreal Projects/AirCommandAlpha/Content/Maps/Levels/Sublevels/01_WhiteZone02.uexp" 2121
"D:/Unreal Projects/AirCommandAlpha/Content/Maps/Levels/Sublevels/01_WhiteZone02.umap" 2122
"D:/Unreal Projects/AirCommandAlpha/Content/Maps/Levels/Sublevels/01_WhiteZone01.uexp" 2123
"D:/Unreal Projects/AirCommandAlpha/Content/Maps/Levels/Sublevels/01_WhiteZone01.umap" 2124
